Player_Id,Year,Team,Games_Played,Returns,Yards,Average,Long,TDs,Returns_Over_Twenty_Yards,Returns_Over_Forty_Yards,Fair_Catches,Fumbles
tavon-austin,2013,St.LouisRams,13,33,280,8.5,98,1,4,1,11,3
tavon-austin,2014,St.LouisRams,15,35,391,11.2,78,1,6,2,23,5
tavon-austin,2015,St.LouisRams,16,34,268,7.9,75,1,4,1,15,2
tavon-austin,2016,LosAngelesRams,15,44,364,8.3,47,0,4,1,16,3
tavon-austin,2017,LosAngelesRams,16,12,53,4.4,12,0,0,0,1,4
tavon-austin,2018,DallasCowboys,7,10,58,5.8,22,0,1,0,7,0
tavon-austin,2019,DallasCowboys,14,17,84,4.9,15,0,0,0,9,0
tavon-austin,2020,GreenBayPackers,4,3,14,4.7,7,0,0,0,3,1
tavon-austin,TOTAL,--,100,188,1512,8,354,3,19,5,85,18
danny-amendola,2009,St.LouisRams,14,31,360,11.6,56,0,5,1,11,3
danny-amendola,2010,St.LouisRams,16,40,452,11.3,42,0,7,2,18,0
danny-amendola,2011,St.LouisRams,1,1,0,0,0,0,0,0,0,1
danny-amendola,2012,St.LouisRams,11,17,122,7.2,22,0,1,0,10,1
danny-amendola,2013,NewEnglandPatriots,12,1,13,13,13,0,0,0,0,0
danny-amendola,2014,NewEnglandPatriots,16,16,132,8.3,39,0,2,0,5,0
danny-amendola,2015,NewEnglandPatriots,14,23,276,12,82,0,5,1,12,1
danny-amendola,2016,NewEnglandPatriots,12,18,121,6.7,30,0,1,0,7,2
danny-amendola,2017,NewEnglandPatriots,15,27,231,8.6,40,0,3,1,18,1
danny-amendola,2018,MiamiDolphins,15,11,59,5.4,12,0,0,0,9,2
danny-amendola,2019,DetroitLions,15,10,55,5.5,15,0,0,0,8,0
danny-amendola,2020,DetroitLions,14,3,39,13,21,0,1,0,3,0
danny-amendola,TOTAL,--,155,198,1860,9.4,372,0,25,5,101,11
geronimo-allison,2016,GreenBayPackers,10,0,0,0,0,0,0,0,0,0
geronimo-allison,2017,GreenBayPackers,15,1,0,0,0,0,0,0,0,1
geronimo-allison,2018,GreenBayPackers,5,--,--,--,--,--,--,--,--,--
geronimo-allison,2019,GreenBayPackers,16,--,--,--,--,--,--,--,--,--
geronimo-allison,2020,DetroitLions,--,--,--,--,--,--,--,--,--,--
geronimo-allison,TOTAL,--,46,1,0,0,0,0,0,0,0,1
keenan-allen,2013,SanDiegoChargers,15,15,125,8.3,28,0,3,0,13,1
keenan-allen,2014,SanDiegoChargers,14,11,99,9,29,0,1,0,11,1
keenan-allen,2015,SanDiegoChargers,8,3,5,1.7,5,0,0,0,4,1
keenan-allen,2016,SanDiegoChargers,1,0,0,0,0,0,0,0,0,0
keenan-allen,2017,LosAngelesChargers,16,--,--,--,--,--,--,--,--,--
keenan-allen,2018,LosAngelesChargers,16,1,0,0,0,0,0,0,1,1
keenan-allen,2019,LosAngelesChargers,16,--,--,--,--,--,--,--,--,--
keenan-allen,2020,LosAngelesChargers,14,--,--,--,--,--,--,--,--,--
keenan-allen,TOTAL,--,100,30,229,7.6,62,0,4,0,29,4
robert-alford,2013,AtlantaFalcons,16,1,0,0,0,0,0,0,1,1
robert-alford,2014,AtlantaFalcons,10,0,0,0,0,0,0,0,0,0
robert-alford,2015,AtlantaFalcons,15,0,0,0,0,0,0,0,0,0
robert-alford,2016,AtlantaFalcons,16,0,0,0,0,0,0,0,0,0
robert-alford,2017,AtlantaFalcons,16,--,--,--,--,--,--,--,--,--
robert-alford,2018,AtlantaFalcons,15,--,--,--,--,--,--,--,--,--
robert-alford,2019,ArizonaCardinals,--,--,--,--,--,--,--,--,--,--
robert-alford,2020,ArizonaCardinals,--,--,--,--,--,--,--,--,--,--
robert-alford,TOTAL,--,88,1,0,0,0,0,0,0,1,1
lorenzo-alexander,2006,WashingtonRedskins,0,0,0,0,0,0,0,0,0,0
lorenzo-alexander,2007,WashingtonRedskins,13,0,0,0,0,0,0,0,0,0
lorenzo-alexander,2008,WashingtonRedskins,15,0,0,0,0,0,0,0,0,0
lorenzo-alexander,2009,WashingtonRedskins,16,0,0,0,0,0,0,0,0,0
lorenzo-alexander,2010,WashingtonRedskins,16,0,0,0,0,0,0,0,0,0
lorenzo-alexander,2011,WashingtonRedskins,16,0,0,0,0,0,0,0,0,0
lorenzo-alexander,2012,WashingtonRedskins,16,0,0,0,0,0,0,0,0,0
lorenzo-alexander,2013,ArizonaCardinals,3,0,0,0,0,0,0,0,0,0
lorenzo-alexander,2014,ArizonaCardinals,16,0,0,0,0,0,0,0,0,0
lorenzo-alexander,2015,OaklandRaiders,16,0,7,0,7,0,0,0,0,1
lorenzo-alexander,2016,BuffaloBills,16,0,0,0,0,0,0,0,0,0
lorenzo-alexander,2017,BuffaloBills,16,--,--,--,--,--,--,--,--,--
lorenzo-alexander,2018,BuffaloBills,16,--,--,--,--,--,--,--,--,--
lorenzo-alexander,2019,BuffaloBills,16,--,--,--,--,--,--,--,--,--
lorenzo-alexander,TOTAL,--,191,0,7,0,7,0,0,0,0,1
jaire-alexander,2018,GreenBayPackers,13,4,25,6.3,24,0,1,0,1,2
jaire-alexander,2019,GreenBayPackers,16,--,--,--,--,--,--,--,--,--
jaire-alexander,2020,GreenBayPackers,15,--,--,--,--,--,--,--,--,--
jaire-alexander,TOTAL,--,44,4,25,6.3,24,0,1,0,1,2
d-j-alexander,2015,KansasCityChiefs,16,0,0,0,0,0,0,0,0,0
d-j-alexander,2016,KansasCityChiefs,16,1,0,0,0,0,0,0,0,0
d-j-alexander,2017,SeattleSeahawks,12,--,--,--,--,--,--,--,--,--
d-j-alexander,2018,PhiladelphiaEagles,12,--,--,--,--,--,--,--,--,--
d-j-alexander,2019,JacksonvilleJaguars,5,--,--,--,--,--,--,--,--,--
d-j-alexander,TOTAL,--,61,1,0,0,0,0,0,0,0,0
brandon-aiyuk,2020,SanFrancisco49ers,12,2,26,13,16,0,0,0,2,0
brandon-aiyuk,TOTAL,--,12,2,26,13,16,0,0,0,2,0
jamal-agnew,2017,DetroitLions,13,29,447,15.4,88,2,6,2,16,3
jamal-agnew,2018,DetroitLions,6,12,57,4.8,16,0,0,0,3,1
jamal-agnew,2019,DetroitLions,13,19,175,9.2,64,1,3,1,13,1
jamal-agnew,2020,DetroitLions,14,14,178,12.7,74,1,1,1,14,2
jamal-agnew,TOTAL,--,46,74,857,11.6,242,4,10,4,46,7
nelson-agholor,2015,PhiladelphiaEagles,13,0,0,0,0,0,0,0,0,0
nelson-agholor,2016,PhiladelphiaEagles,15,0,0,0,0,0,0,0,0,0
nelson-agholor,2017,PhiladelphiaEagles,16,--,--,--,--,--,--,--,--,--
nelson-agholor,2018,PhiladelphiaEagles,16,1,0,0,0,0,0,0,0,0
nelson-agholor,2019,PhiladelphiaEagles,11,2,7,3.5,4,0,0,0,0,0
nelson-agholor,2020,LasVegasRaiders,16,--,--,--,--,--,--,--,--,--
nelson-agholor,TOTAL,--,87,3,7,2.3,4,0,0,0,0,0
bralon-addison,2016,ChicagoBears,2,2,3,1.5,3,0,0,0,1,1
bralon-addison,TOTAL,--,2,2,3,1.5,3,0,0,0,1,1
damiere-byrd,2016,CarolinaPanthers,1,0,0,0,0,0,0,0,0,0
damiere-byrd,2017,CarolinaPanthers,8,1,9,9,9,0,0,0,0,0
damiere-byrd,2018,CarolinaPanthers,8,11,104,9.5,30,0,1,0,5,0
damiere-byrd,2019,ArizonaCardinals,11,--,--,--,--,--,--,--,--,--
damiere-byrd,2020,NewEnglandPatriots,16,2,0,0,0,0,0,0,5,1
damiere-byrd,TOTAL,--,44,14,113,8.1,39,0,1,0,10,1
rex-burkhead,2013,CincinnatiBengals,1,0,0,0,0,0,0,0,0,0
rex-burkhead,2014,CincinnatiBengals,9,0,0,0,0,0,0,0,0,0
rex-burkhead,2015,CincinnatiBengals,16,0,0,0,0,0,0,0,0,0
rex-burkhead,2016,CincinnatiBengals,16,0,0,0,0,0,0,0,0,0
rex-burkhead,2017,NewEnglandPatriots,10,--,--,--,--,--,--,--,--,--
rex-burkhead,2018,NewEnglandPatriots,8,--,--,--,--,--,--,--,--,--
rex-burkhead,2019,NewEnglandPatriots,13,0,0,0,--,0,0,0,1,0
rex-burkhead,2020,NewEnglandPatriots,10,--,--,--,--,--,--,--,--,--
rex-burkhead,TOTAL,--,83,0,0,0,0,0,0,0,1,0
dez-bryant,2010,DallasCowboys,12,15,215,14.3,93,2,2,2,0,1
dez-bryant,2011,DallasCowboys,15,15,103,6.9,20,0,1,0,5,2
dez-bryant,2012,DallasCowboys,16,12,66,5.5,44,0,1,1,2,2
dez-bryant,2013,DallasCowboys,16,0,0,0,0,0,0,0,0,0
dez-bryant,2014,DallasCowboys,16,0,0,0,0,0,0,0,0,0
dez-bryant,2015,DallasCowboys,9,0,0,0,0,0,0,0,0,0
dez-bryant,2016,DallasCowboys,13,0,0,0,0,0,0,0,0,0
dez-bryant,2017,DallasCowboys,16,--,--,--,--,--,--,--,--,--
dez-bryant,2018,NewOrleansSaints,--,--,--,--,--,--,--,--,--,--
dez-bryant,2020,BaltimoreRavens,6,--,--,--,--,--,--,--,--,--
dez-bryant,TOTAL,--,119,42,384,9.1,157,2,4,3,7,5
john-brown,2014,ArizonaCardinals,16,0,0,0,0,0,0,0,0,0
john-brown,2015,ArizonaCardinals,15,0,0,0,0,0,0,0,0,0
john-brown,2016,ArizonaCardinals,15,17,119,7,32,0,1,0,11,1
john-brown,2017,ArizonaCardinals,10,--,--,--,--,--,--,--,--,--
john-brown,2018,BaltimoreRavens,16,--,--,--,--,--,--,--,--,--
john-brown,2019,BuffaloBills,15,--,--,--,--,--,--,--,--,--
john-brown,2020,BuffaloBills,9,--,--,--,--,--,--,--,--,--
john-brown,TOTAL,--,96,17,119,7,32,0,1,0,11,1
fred-brown,2019,DenverBroncos,13,1,0,0,0,0,0,0,0,1
fred-brown,2020,DenverBroncos,1,--,--,--,--,--,--,--,--,--
fred-brown,TOTAL,--,14,1,0,0,0,0,0,0,0,1
terrence-brooks,2014,BaltimoreRavens,11,0,0,0,0,0,0,0,0,0
terrence-brooks,2015,BaltimoreRavens,12,0,0,0,0,0,0,0,0,0
terrence-brooks,2016,PhiladelphiaEagles,11,0,0,0,0,0,0,0,0,0
terrence-brooks,2017,NewYorkJets,15,--,--,--,--,--,--,--,--,--
terrence-brooks,2018,NewYorkJets,16,1,0,0,0,0,0,0,0,1
terrence-brooks,2019,NewEnglandPatriots,15,--,--,--,--,--,--,--,--,--
terrence-brooks,2020,NewEnglandPatriots,14,--,--,--,--,--,--,--,--,--
terrence-brooks,TOTAL,--,94,1,0,0,0,0,0,0,0,1
antonio-brown,2010,PittsburghSteelers,9,19,110,5.8,21,0,2,0,1,1
antonio-brown,2011,PittsburghSteelers,16,30,325,10.8,60,1,6,2,26,0
antonio-brown,2012,PittsburghSteelers,13,27,183,6.8,29,0,4,0,8,2
antonio-brown,2013,PittsburghSteelers,16,32,409,12.8,67,1,7,5,23,1
antonio-brown,2014,PittsburghSteelers,16,30,319,10.6,71,1,3,1,16,1
antonio-brown,2015,PittsburghSteelers,16,22,212,9.6,71,1,2,1,13,2
antonio-brown,2016,PittsburghSteelers,15,15,140,9.3,33,0,2,0,15,0
antonio-brown,2017,PittsburghSteelers,14,11,61,5.6,16,0,0,0,10,1
antonio-brown,2018,PittsburghSteelers,15,--,--,--,--,--,--,--,--,--
antonio-brown,2019,NewEnglandPatriots,1,--,--,--,--,--,--,--,--,--
antonio-brown,2020,TampaBayBuccaneers,8,1,2,2,2,0,0,0,2,0
antonio-brown,TOTAL,--,139,187,1761,9.4,370,4,26,9,114,8
tyler-boyd,2016,CincinnatiBengals,16,0,0,0,0,0,0,0,0,0
tyler-boyd,2017,CincinnatiBengals,10,--,--,--,--,--,--,--,--,--
tyler-boyd,2018,CincinnatiBengals,14,--,--,--,--,--,--,--,--,--
tyler-boyd,2019,CincinnatiBengals,16,1,-1,-1,-1,0,0,0,0,0
tyler-boyd,2020,CincinnatiBengals,15,--,--,--,--,--,--,--,--,--
tyler-boyd,TOTAL,--,71,1,-1,-1,-1,0,0,0,0,0
victor-bolden,2017,SanFrancisco49ers,9,4,23,5.8,16,0,0,0,1,0
victor-bolden,2018,BuffaloBills,6,--,--,--,--,--,--,--,--,--
victor-bolden,2019,DetroitLions,--,--,--,--,--,--,--,--,--,--
victor-bolden,2020,DetroitLions,--,--,--,--,--,--,--,--,--,--
victor-bolden,TOTAL,--,15,4,23,5.8,16,0,0,0,1,0
c-j-board,2018,JacksonvilleJaguars,--,--,--,--,--,--,--,--,--,--
c-j-board,2019,JacksonvilleJaguars,4,--,--,--,--,--,--,--,--,--
c-j-board,2020,NewYorkGiants,14,1,6,6,6,0,0,0,0,0
c-j-board,TOTAL,--,18,1,6,6,6,0,0,0,0,0
braxton-berrios,2018,NewEnglandPatriots,--,--,--,--,--,--,--,--,--,--
braxton-berrios,2019,NewYorkJets,16,21,240,11.4,26,0,3,0,32,1
braxton-berrios,2020,NewYorkJets,16,10,86,8.6,18,0,0,0,24,0
braxton-berrios,TOTAL,--,32,31,326,10.5,44,0,3,0,56,1
travis-benjamin,2012,ClevelandBrowns,14,3,149,49.7,93,1,2,2,1,0
travis-benjamin,2013,ClevelandBrowns,8,22,257,11.7,79,1,4,2,7,2
travis-benjamin,2014,ClevelandBrowns,16,15,127,8.5,37,0,2,0,8,2
travis-benjamin,2015,ClevelandBrowns,16,28,324,11.6,78,1,4,1,10,2
travis-benjamin,2016,SanDiegoChargers,14,9,59,6.6,18,0,0,0,0,2
travis-benjamin,2017,LosAngelesChargers,16,27,257,9.5,65,1,4,2,25,2
travis-benjamin,2018,LosAngelesChargers,12,5,16,3.2,8,0,0,0,4,0
travis-benjamin,2019,LosAngelesChargers,5,--,--,--,--,--,--,--,--,--
travis-benjamin,2020,SanFrancisco49ers,--,--,--,--,--,--,--,--,--,--
travis-benjamin,TOTAL,--,101,109,1189,10.9,378,4,16,7,55,10
chad-beebe,2018,MinnesotaVikings,3,0,0,0,--,0,0,0,1,0
chad-beebe,2019,MinnesotaVikings,3,7,46,6.6,15,0,0,0,6,3
chad-beebe,2020,MinnesotaVikings,14,9,42,4.7,13,0,0,0,5,2
chad-beebe,TOTAL,--,20,16,88,5.5,28,0,0,0,12,5
odell-beckham,2014,NewYorkGiants,12,21,171,8.1,25,0,3,0,11,1
odell-beckham,2015,NewYorkGiants,15,2,26,13,21,0,1,0,2,0
odell-beckham,2016,NewYorkGiants,16,10,66,6.6,19,0,0,0,6,1
odell-beckham,2017,NewYorkGiants,4,--,--,--,--,--,--,--,--,--
odell-beckham,2018,NewYorkGiants,12,8,34,4.3,16,0,0,0,2,2
odell-beckham,2019,ClevelandBrowns,16,1,-6,-6,-6,0,0,0,0,1
odell-beckham,2020,ClevelandBrowns,7,--,--,--,--,--,--,--,--,--
odell-beckham,TOTAL,--,82,42,291,6.9,75,0,4,0,21,5
cole-beasley,2012,DallasCowboys,10,0,0,0,0,0,0,0,0,0
cole-beasley,2013,DallasCowboys,14,10,68,6.8,14,0,0,0,3,0
cole-beasley,2014,DallasCowboys,16,0,0,0,0,0,0,0,0,0
cole-beasley,2015,DallasCowboys,16,12,69,5.8,22,0,1,0,17,1
cole-beasley,2016,DallasCowboys,16,3,3,1,3,0,0,0,9,0
cole-beasley,2017,DallasCowboys,15,2,19,9.5,15,0,0,0,5,0
cole-beasley,2018,DallasCowboys,16,11,61,5.6,14,0,0,0,18,0
cole-beasley,2019,BuffaloBills,15,--,--,--,--,--,--,--,--,--
cole-beasley,2020,BuffaloBills,15,--,--,--,--,--,--,--,--,--
cole-beasley,TOTAL,--,133,38,220,5.8,68,0,1,0,52,1
cameron-batson,2018,TennesseeTitans,11,3,4,1.3,5,0,0,0,1,1
cameron-batson,2019,TennesseeTitans,--,--,--,--,--,--,--,--,--,--
cameron-batson,2020,TennesseeTitans,12,0,0,0,--,0,0,0,1,0
cameron-batson,TOTAL,--,23,3,4,1.3,5,0,0,0,2,1
daren-bates,2013,St.LouisRams,15,0,0,0,0,0,0,0,0,0
daren-bates,2014,St.LouisRams,14,0,0,0,0,0,0,0,0,0
daren-bates,2015,St.LouisRams,15,1,0,0,0,0,0,0,0,0
daren-bates,2016,OaklandRaiders,16,0,0,0,0,0,0,0,0,0
daren-bates,2017,TennesseeTitans,16,--,--,--,--,--,--,--,--,--
daren-bates,2018,TennesseeTitans,16,--,--,--,--,--,--,--,--,--
daren-bates,2019,TennesseeTitans,13,--,--,--,--,--,--,--,--,--
daren-bates,2020,TennesseeTitans,13,--,--,--,--,--,--,--,--,--
daren-bates,TOTAL,--,118,1,0,0,0,0,0,0,0,0
kenjon-barner,2013,CarolinaPanthers,8,0,0,0,0,0,0,0,0,0
kenjon-barner,2015,PhiladelphiaEagles,10,1,-3,-3,-3,0,0,0,0,0
kenjon-barner,2016,PhiladelphiaEagles,13,2,22,11,22,0,1,0,0,0
kenjon-barner,2017,PhiladelphiaEagles,13,27,240,8.9,76,0,2,1,15,3
kenjon-barner,2018,CarolinaPanthers,9,7,29,4.1,13,0,0,0,6,1
kenjon-barner,2019,AtlantaFalcons,14,35,267,7.6,78,1,2,1,1,4
kenjon-barner,2020,TampaBayBuccaneers,6,13,75,5.8,21,0,1,0,0,0
kenjon-barner,TOTAL,--,73,85,630,7.4,207,1,6,2,22,8
jerome-baker,2018,MiamiDolphins,16,1,0,0,0,0,0,0,0,1
jerome-baker,2019,MiamiDolphins,16,--,--,--,--,--,--,--,--,--
jerome-baker,2020,MiamiDolphins,16,--,--,--,--,--,--,--,--,--
jerome-baker,TOTAL,--,48,1,0,0,0,0,0,0,0,1
jamison-crowder,2015,WashingtonRedskins,16,30,158,5.3,16,0,0,0,16,2
jamison-crowder,2016,WashingtonRedskins,16,27,328,12.2,85,1,4,2,15,0
jamison-crowder,2017,WashingtonRedskins,15,27,171,6.3,29,0,1,0,21,5
jamison-crowder,2018,WashingtonRedskins,9,2,20,10,11,0,0,0,3,0
jamison-crowder,2019,NewYorkJets,16,--,--,--,--,--,--,--,--,--
jamison-crowder,2020,NewYorkJets,12,--,--,--,--,--,--,--,--,--
jamison-crowder,TOTAL,--,84,86,677,7.9,141,1,5,2,55,7
jack-crawford,2012,OaklandRaiders,4,0,0,0,0,0,0,0,0,0
jack-crawford,2013,OaklandRaiders,15,1,-1,-1,-1,0,0,0,0,0
jack-crawford,2014,DallasCowboys,6,0,0,0,0,0,0,0,0,0
jack-crawford,2015,DallasCowboys,16,0,0,0,0,0,0,0,0,0
jack-crawford,2016,DallasCowboys,16,0,0,0,0,0,0,0,0,0
jack-crawford,2017,AtlantaFalcons,4,--,--,--,--,--,--,--,--,--
jack-crawford,2018,AtlantaFalcons,16,--,--,--,--,--,--,--,--,--
jack-crawford,2019,AtlantaFalcons,16,--,--,--,--,--,--,--,--,--
jack-crawford,2020,TennesseeTitans,16,--,--,--,--,--,--,--,--,--
jack-crawford,TOTAL,--,109,1,-1,-1,-1,0,0,0,0,0
river-cracraft,2018,DenverBroncos,8,12,40,3.3,20,0,1,0,11,0
river-cracraft,2019,PhiladelphiaEagles,1,--,--,--,--,--,--,--,--,--
river-cracraft,2020,SanFrancisco49ers,9,5,40,8,21,0,1,0,2,0
river-cracraft,TOTAL,--,18,17,80,4.7,41,0,2,0,13,0
keke-coutee,2018,HoustonTexans,6,--,--,--,--,--,--,--,--,--
keke-coutee,2019,HoustonTexans,9,--,--,--,--,--,--,--,--,--
keke-coutee,2020,HoustonTexans,8,7,48,6.9,11,0,0,0,6,1
keke-coutee,TOTAL,--,23,7,48,6.9,11,0,0,0,6,1
pharoh-cooper,2016,LosAngelesRams,10,5,5,1,6,0,0,0,3,0
pharoh-cooper,2017,LosAngelesRams,16,32,399,12.5,53,0,8,2,8,2
pharoh-cooper,2018,ArizonaCardinals,7,8,79,9.9,45,0,1,1,1,1
pharoh-cooper,2019,ArizonaCardinals,13,17,129,7.6,29,0,1,0,14,0
pharoh-cooper,2020,CarolinaPanthers,16,20,117,5.9,20,0,1,0,18,1
pharoh-cooper,TOTAL,--,62,82,729,8.9,153,0,11,3,44,4
amari-cooper,2015,OaklandRaiders,16,8,41,5.1,18,0,0,0,0,0
amari-cooper,2016,OaklandRaiders,16,0,0,0,0,0,0,0,0,0
amari-cooper,2017,OaklandRaiders,14,--,--,--,--,--,--,--,--,--
amari-cooper,2018,DallasCowboys,15,--,--,--,--,--,--,--,--,--
amari-cooper,2019,DallasCowboys,16,--,--,--,--,--,--,--,--,--
amari-cooper,2020,DallasCowboys,16,--,--,--,--,--,--,--,--,--
amari-cooper,TOTAL,--,93,8,41,5.1,18,0,0,0,0,0
brandin-cooks,2014,NewOrleansSaints,10,10,35,3.5,15,0,0,0,15,1
brandin-cooks,2015,NewOrleansSaints,16,2,12,6,6,0,0,0,0,0
brandin-cooks,2016,NewOrleansSaints,16,1,2,2,2,0,0,0,0,0
brandin-cooks,2017,NewEnglandPatriots,16,--,--,--,--,--,--,--,--,--
brandin-cooks,2018,LosAngelesRams,16,--,--,--,--,--,--,--,--,--
brandin-cooks,2019,LosAngelesRams,14,--,--,--,--,--,--,--,--,--
brandin-cooks,2020,HoustonTexans,15,--,--,--,--,--,--,--,--,--
brandin-cooks,TOTAL,--,103,13,49,3.8,23,0,0,0,15,1
corey-coleman,2016,ClevelandBrowns,10,0,0,0,0,0,0,0,0,0
corey-coleman,2017,ClevelandBrowns,9,--,--,--,--,--,--,--,--,--
corey-coleman,2018,NewYorkGiants,8,1,19,19,19,0,0,0,2,0
corey-coleman,2019,NewYorkGiants,--,--,--,--,--,--,--,--,--,--
corey-coleman,2020,NewYorkGiants,--,--,--,--,--,--,--,--,--,--
corey-coleman,TOTAL,--,27,1,19,19,19,0,0,0,2,0
keelan-cole,2017,JacksonvilleJaguars,16,0,0,0,--,0,0,0,1,0
keelan-cole,2018,JacksonvilleJaguars,16,--,--,--,--,--,--,--,--,--
keelan-cole,2019,JacksonvilleJaguars,16,0,0,0,0,0,0,0,0,0
keelan-cole,2020,JacksonvilleJaguars,16,9,140,15.6,91,1,1,1,8,0
keelan-cole,TOTAL,--,64,9,140,15.6,91,1,1,1,9,0
tarik-cohen,2017,ChicagoBears,16,29,272,9.4,61,1,3,1,15,1
tarik-cohen,2018,ChicagoBears,16,33,411,12.5,44,0,7,2,21,4
tarik-cohen,2019,ChicagoBears,16,33,302,9.2,71,0,3,1,19,2
tarik-cohen,2020,ChicagoBears,3,1,0,0,0,0,0,0,3,0
tarik-cohen,TOTAL,--,51,96,985,10.3,176,1,13,4,58,7
randall-cobb,2011,GreenBayPackers,15,26,295,11.4,80,1,3,3,18,2
randall-cobb,2012,GreenBayPackers,15,31,292,9.4,75,1,2,1,21,3
randall-cobb,2013,GreenBayPackers,6,3,23,7.7,16,0,0,0,5,0
randall-cobb,2014,GreenBayPackers,16,14,112,8,24,0,2,0,9,1
randall-cobb,2015,GreenBayPackers,16,4,10,2.5,10,0,0,0,4,1
randall-cobb,2016,GreenBayPackers,13,4,54,13.5,23,0,2,0,4,1
randall-cobb,2017,GreenBayPackers,15,--,--,--,--,--,--,--,--,--
randall-cobb,2018,GreenBayPackers,9,7,46,6.6,17,0,0,0,6,1
randall-cobb,2019,DallasCowboys,15,4,34,8.5,14,0,0,0,9,0
randall-cobb,2020,HoustonTexans,10,--,--,--,--,--,--,--,--,--
randall-cobb,TOTAL,--,130,93,866,9.3,259,2,9,4,76,9
ha-ha-clinton-dix,2014,GreenBayPackers,16,1,0,0,0,0,0,0,0,0
ha-ha-clinton-dix,2015,GreenBayPackers,16,0,0,0,0,0,0,0,0,0
ha-ha-clinton-dix,2016,GreenBayPackers,16,0,0,0,0,0,0,0,0,0
ha-ha-clinton-dix,2017,GreenBayPackers,16,--,--,--,--,--,--,--,--,--
ha-ha-clinton-dix,2018,WashingtonRedskins,16,--,--,--,--,--,--,--,--,--
ha-ha-clinton-dix,2019,ChicagoBears,16,--,--,--,--,--,--,--,--,--
ha-ha-clinton-dix,TOTAL,--,96,1,0,0,0,0,0,0,0,0
corey-clement,2017,PhiladelphiaEagles,16,--,--,--,--,--,--,--,--,--
corey-clement,2018,PhiladelphiaEagles,11,6,17,2.8,10,0,0,0,2,2
corey-clement,2019,PhiladelphiaEagles,4,1,0,0,0,0,0,0,0,1
corey-clement,2020,PhiladelphiaEagles,15,--,--,--,--,--,--,--,--,--
corey-clement,TOTAL,--,46,7,17,2.4,10,0,0,0,2,3
chris-claybrooks,2020,JacksonvilleJaguars,13,3,12,4,13,0,0,0,3,1
chris-claybrooks,TOTAL,--,13,3,12,4,13,0,0,0,3,1
patrick-chung,2009,NewEnglandPatriots,16,0,0,0,0,0,0,0,0,0
patrick-chung,2010,NewEnglandPatriots,14,0,0,0,0,0,0,0,0,0
patrick-chung,2011,NewEnglandPatriots,8,0,0,0,0,0,0,0,0,0
patrick-chung,2012,NewEnglandPatriots,12,0,0,0,0,0,0,0,0,0
patrick-chung,2013,PhiladelphiaEagles,12,0,0,0,0,0,0,0,0,0
patrick-chung,2014,NewEnglandPatriots,16,0,0,0,0,0,0,0,0,0
patrick-chung,2015,NewEnglandPatriots,15,1,4,4,4,0,0,0,0,0
patrick-chung,2016,NewEnglandPatriots,16,1,7,7,7,0,0,0,1,0
patrick-chung,2017,NewEnglandPatriots,16,1,0,0,0,0,0,0,3,0
patrick-chung,2018,NewEnglandPatriots,15,--,--,--,--,--,--,--,--,--
patrick-chung,2019,NewEnglandPatriots,13,--,--,--,--,--,--,--,--,--
patrick-chung,2020,NewEnglandPatriots,--,--,--,--,--,--,--,--,--,--
patrick-chung,TOTAL,--,153,3,11,3.7,11,0,0,0,4,0
marqui-christian,2016,LosAngelesRams,11,0,0,0,0,0,0,0,0,0
marqui-christian,2017,LosAngelesRams,12,--,--,--,--,--,--,--,--,--
marqui-christian,2018,LosAngelesRams,16,1,11,11,11,0,0,0,0,0
marqui-christian,2019,LosAngelesRams,16,--,--,--,--,--,--,--,--,--
marqui-christian,2020,ChicagoBears,1,--,--,--,--,--,--,--,--,--
marqui-christian,TOTAL,--,56,1,11,11,11,0,0,0,0,0
d-j-chark,2018,JacksonvilleJaguars,11,0,-8,0,-8,0,0,0,0,0
d-j-chark,2019,JacksonvilleJaguars,15,--,--,--,--,--,--,--,--,--
d-j-chark,2020,JacksonvilleJaguars,13,--,--,--,--,--,--,--,--,--
d-j-chark,TOTAL,--,39,0,-8,0,-8,0,0,0,0,0
deandre-carter,2018,HoustonTexans,14,26,249,9.6,42,0,4,1,8,3
deandre-carter,2019,HoustonTexans,16,22,214,9.7,23,0,1,0,18,2
deandre-carter,2020,ChicagoBears,13,15,126,8.4,19,0,0,0,11,2
deandre-carter,TOTAL,--,43,63,589,9.4,84,0,5,1,37,7
t-j-carrie,2014,OaklandRaiders,13,26,195,7.5,27,0,2,0,11,1
t-j-carrie,2015,OaklandRaiders,15,19,118,6.2,22,0,1,0,2,0
t-j-carrie,2016,OaklandRaiders,16,7,74,10.6,18,0,0,0,8,0
t-j-carrie,2017,OaklandRaiders,16,0,0,0,--,0,0,0,8,0
t-j-carrie,2018,ClevelandBrowns,16,--,--,--,--,--,--,--,--,--
t-j-carrie,2019,ClevelandBrowns,16,--,--,--,--,--,--,--,--,--
t-j-carrie,2020,IndianapolisColts,15,--,--,--,--,--,--,--,--,--
t-j-carrie,TOTAL,--,107,52,387,7.4,67,0,3,0,29,1
austin-carr,2017,NewOrleansSaints,1,--,--,--,--,--,--,--,--,--
austin-carr,2018,NewOrleansSaints,14,0,0,0,--,0,0,0,1,0
austin-carr,2019,NewOrleansSaints,6,--,--,--,--,--,--,--,--,--
austin-carr,2020,NewOrleansSaints,6,1,1,1,1,0,0,0,1,0
austin-carr,TOTAL,--,27,1,1,1,1,0,0,0,2,0
trenton-cannon,2018,NewYorkJets,16,0,0,0,--,0,0,0,1,0
trenton-cannon,2019,NewYorkJets,4,--,--,--,--,--,--,--,--,--
trenton-cannon,2020,CarolinaPanthers,14,--,--,--,--,--,--,--,--,--
trenton-cannon,TOTAL,--,34,0,0,0,0,0,0,0,1,0
marquez-callaway,2020,NewOrleansSaints,11,11,122,11.1,19,0,0,0,5,0
marquez-callaway,TOTAL,--,11,11,122,11.1,19,0,0,0,5,0
antonio-callaway,2018,ClevelandBrowns,16,5,61,12.2,37,0,1,0,1,0
antonio-callaway,2019,ClevelandBrowns,4,--,--,--,--,--,--,--,--,--
antonio-callaway,2020,MiamiDolphins,5,2,12,6,11,0,0,0,0,0
antonio-callaway,TOTAL,--,25,7,73,10.4,48,0,1,0,1,0
bryce-callahan,2015,ChicagoBears,9,1,34,34,34,0,1,0,0,0
bryce-callahan,2016,ChicagoBears,11,1,3,3,3,0,0,0,8,0
bryce-callahan,2017,ChicagoBears,12,1,59,59,59,1,1,1,0,0
bryce-callahan,2018,ChicagoBears,13,--,--,--,--,--,--,--,--,--
bryce-callahan,2019,DenverBroncos,0,--,--,--,--,--,--,--,--,--
bryce-callahan,2020,DenverBroncos,10,1,8,8,8,0,0,0,6,0
bryce-callahan,TOTAL,--,55,4,104,26,104,1,2,1,14,0
devin-duvernay,2020,BaltimoreRavens,16,4,46,11.5,19,0,0,0,2,0
devin-duvernay,TOTAL,--,16,4,46,11.5,19,0,0,0,2,0
quinton-dunbar,2015,WashingtonRedskins,11,0,0,0,0,0,0,0,0,0
quinton-dunbar,2016,WashingtonRedskins,14,1,0,0,0,0,0,0,0,1
quinton-dunbar,2017,WashingtonRedskins,15,--,--,--,--,--,--,--,--,--
quinton-dunbar,2018,WashingtonRedskins,7,--,--,--,--,--,--,--,--,--
quinton-dunbar,2019,WashingtonRedskins,11,--,--,--,--,--,--,--,--,--
quinton-dunbar,2020,SeattleSeahawks,6,--,--,--,--,--,--,--,--,--
quinton-dunbar,TOTAL,--,64,1,0,0,0,0,0,0,0,1
greg-dortch,2019,LosAngelesRams,2,4,28,7,11,0,0,0,1,0
greg-dortch,2020,AtlantaFalcons,--,--,--,--,--,--,--,--,--,--
greg-dortch,TOTAL,--,2,4,28,7,11,0,0,0,1,0
phillip-dorsett,2015,IndianapolisColts,11,2,1,0.5,1,0,0,0,1,2
phillip-dorsett,2016,IndianapolisColts,15,0,0,0,0,0,0,0,1,0
phillip-dorsett,2017,NewEnglandPatriots,15,--,--,--,--,--,--,--,--,--
phillip-dorsett,2018,NewEnglandPatriots,16,--,--,--,--,--,--,--,--,--
phillip-dorsett,2019,NewEnglandPatriots,14,--,--,--,--,--,--,--,--,--
phillip-dorsett,2020,SeattleSeahawks,0,--,--,--,--,--,--,--,--,--
phillip-dorsett,TOTAL,--,71,2,1,0.5,1,0,0,0,2,2
stefon-diggs,2015,MinnesotaVikings,13,0,0,0,0,0,0,0,0,0
stefon-diggs,2016,MinnesotaVikings,13,6,45,7.5,19,0,0,0,1,0
stefon-diggs,2017,MinnesotaVikings,14,--,--,--,--,--,--,--,--,--
stefon-diggs,2018,MinnesotaVikings,15,--,--,--,--,--,--,--,--,--
stefon-diggs,2019,MinnesotaVikings,15,--,--,--,--,--,--,--,--,--
stefon-diggs,2020,BuffaloBills,16,--,--,--,--,--,--,--,--,--
stefon-diggs,TOTAL,--,86,6,45,7.5,19,0,0,0,1,0
quandre-diggs,2015,DetroitLions,16,0,0,0,0,0,0,0,0,0
quandre-diggs,2016,DetroitLions,12,0,0,0,0,0,0,0,0,0
quandre-diggs,2017,DetroitLions,16,--,--,--,--,--,--,--,--,--
quandre-diggs,2018,DetroitLions,16,2,4,2,4,0,0,0,1,0
quandre-diggs,2019,SeattleSeahawks,10,--,--,--,--,--,--,--,--,--
quandre-diggs,2020,SeattleSeahawks,16,--,--,--,--,--,--,--,--,--
quandre-diggs,TOTAL,--,86,2,4,2,4,0,0,0,1,0
darqueze-dennard,2014,CincinnatiBengals,14,0,0,0,0,0,0,0,0,0
darqueze-dennard,2015,CincinnatiBengals,10,0,0,0,0,0,0,0,0,0
darqueze-dennard,2016,CincinnatiBengals,15,0,0,0,0,0,0,0,0,0
darqueze-dennard,2017,CincinnatiBengals,16,1,0,0,0,0,0,0,0,1
darqueze-dennard,2018,CincinnatiBengals,13,--,--,--,--,--,--,--,--,--
darqueze-dennard,2019,CincinnatiBengals,9,--,--,--,--,--,--,--,--,--
darqueze-dennard,2020,AtlantaFalcons,8,--,--,--,--,--,--,--,--,--
darqueze-dennard,TOTAL,--,85,1,0,0,0,0,0,0,0,1
jamel-dean,2019,TampaBayBuccaneers,13,1,0,0,0,0,0,0,0,1
jamel-dean,2020,TampaBayBuccaneers,14,--,--,--,--,--,--,--,--,--
jamel-dean,TOTAL,--,27,1,0,0,0,0,0,0,0,1
trevor-davis,2016,GreenBayPackers,11,9,115,12.8,55,0,2,1,11,2
trevor-davis,2017,GreenBayPackers,16,24,289,12,65,0,3,1,22,0
trevor-davis,2018,GreenBayPackers,2,4,44,11,15,0,0,0,1,0
trevor-davis,2019,MiamiDolphins,14,22,145,6.6,32,0,1,0,21,1
trevor-davis,2020,WashingtonFootballTeam,--,--,--,--,--,--,--,--,--,--
trevor-davis,TOTAL,--,43,59,593,10.1,167,0,6,2,55,3
rashard-davis,2018,OaklandRaiders,--,--,--,--,--,--,--,--,--,--
rashard-davis,2019,TennesseeTitans,1,2,9,4.5,10,0,0,0,3,0
rashard-davis,2020,TennesseeTitans,--,--,--,--,--,--,--,--,--,--
rashard-davis,TOTAL,--,1,2,9,4.5,10,0,0,0,3,0
cody-davis,2013,St.LouisRams,12,0,0,0,0,0,0,0,0,0
cody-davis,2014,St.LouisRams,15,0,0,0,0,0,0,0,0,0
cody-davis,2015,St.LouisRams,16,1,4,4,4,0,0,0,0,1
cody-davis,2016,LosAngelesRams,15,0,0,0,0,0,0,0,0,0
cody-davis,2017,LosAngelesRams,7,--,--,--,--,--,--,--,--,--
cody-davis,2018,JacksonvilleJaguars,16,--,--,--,--,--,--,--,--,--
cody-davis,2019,JacksonvilleJaguars,16,--,--,--,--,--,--,--,--,--
cody-davis,2020,NewEnglandPatriots,13,--,--,--,--,--,--,--,--,--
cody-davis,TOTAL,--,110,1,4,4,4,0,0,0,0,1
tyler-ervin,2016,HoustonTexans,12,27,261,9.7,57,0,1,1,23,1
tyler-ervin,2017,HoustonTexans,4,8,60,7.5,21,0,1,0,4,0
tyler-ervin,2018,BaltimoreRavens,9,21,175,8.3,27,0,1,0,7,1
tyler-ervin,2019,GreenBayPackers,10,16,115,7.2,18,0,0,0,10,2
tyler-ervin,2020,GreenBayPackers,8,5,20,4,11,0,0,0,7,0
tyler-ervin,TOTAL,--,43,77,631,8.2,134,0,3,1,51,4
alex-erickson,2016,CincinnatiBengals,16,28,195,7,24,0,1,0,19,3
alex-erickson,2017,CincinnatiBengals,16,39,278,7.1,29,0,3,0,19,4
alex-erickson,2018,CincinnatiBengals,16,20,212,10.6,38,0,3,0,20,1
alex-erickson,2019,CincinnatiBengals,16,25,157,6.3,17,0,0,0,16,3
alex-erickson,2020,CincinnatiBengals,16,23,232,10.1,29,0,3,0,20,1
alex-erickson,TOTAL,--,80,135,1074,8,137,0,10,0,94,12
julian-edelman,2009,NewEnglandPatriots,11,6,63,10.5,35,0,1,0,1,0
julian-edelman,2010,NewEnglandPatriots,15,21,321,15.3,94,1,4,2,6,1
julian-edelman,2011,NewEnglandPatriots,13,28,296,10.6,72,1,1,1,7,3
julian-edelman,2012,NewEnglandPatriots,9,17,263,15.5,68,1,4,2,1,0
julian-edelman,2013,NewEnglandPatriots,16,35,374,10.7,43,0,4,1,23,5
julian-edelman,2014,NewEnglandPatriots,14,25,299,12,84,1,4,2,6,1
julian-edelman,2015,NewEnglandPatriots,9,10,81,8.1,19,0,0,0,1,0
julian-edelman,2016,NewEnglandPatriots,16,15,135,9,23,0,1,0,7,1
julian-edelman,2018,NewEnglandPatriots,12,20,154,7.7,25,0,2,0,11,1
julian-edelman,2019,NewEnglandPatriots,16,--,--,--,--,--,--,--,--,--
julian-edelman,2020,NewEnglandPatriots,6,--,--,--,--,--,--,--,--,--
julian-edelman,TOTAL,--,137,177,1986,11.2,463,4,21,8,63,12
will-fuller,2016,HoustonTexans,14,11,165,15,67,1,2,1,6,2
will-fuller,2017,HoustonTexans,10,9,135,15,49,0,2,1,6,0
will-fuller,2018,HoustonTexans,7,--,--,--,--,--,--,--,--,--
will-fuller,2019,HoustonTexans,11,--,--,--,--,--,--,--,--,--
will-fuller,2020,HoustonTexans,11,2,14,7,13,0,0,0,1,0
will-fuller,TOTAL,--,53,22,314,14.3,129,1,4,2,13,2
bennie-fowler,2015,DenverBroncos,16,0,0,0,0,0,0,0,0,0
bennie-fowler,2016,DenverBroncos,13,0,0,0,0,0,0,0,0,0
bennie-fowler,2017,DenverBroncos,16,1,6,6,6,0,0,0,0,1
bennie-fowler,2018,NewYorkGiants,10,--,--,--,--,--,--,--,--,--
bennie-fowler,2019,NewYorkGiants,8,--,--,--,--,--,--,--,--,--
bennie-fowler,2020,NewOrleansSaints,5,--,--,--,--,--,--,--,--,--
bennie-fowler,TOTAL,--,68,1,6,6,6,0,0,0,0,1
josh-ferguson,2016,IndianapolisColts,16,1,0,0,0,0,0,0,0,1
josh-ferguson,2017,IndianapolisColts,10,--,--,--,--,--,--,--,--,--
josh-ferguson,2018,HoustonTexans,--,--,--,--,--,--,--,--,--,--
josh-ferguson,2019,WashingtonRedskins,2,--,--,--,--,--,--,--,--,--
josh-ferguson,TOTAL,--,28,1,0,0,0,0,0,0,0,1
jakeem-grant,2016,MiamiDolphins,16,20,165,8.3,74,1,1,1,3,4
jakeem-grant,2017,MiamiDolphins,16,25,190,7.6,27,0,2,0,11,1
jakeem-grant,2018,MiamiDolphins,10,14,228,16.3,71,1,3,1,6,0
jakeem-grant,2019,MiamiDolphins,10,5,6,1.2,5,0,0,0,0,2
jakeem-grant,2020,MiamiDolphins,14,29,330,11.4,88,1,3,1,8,2
jakeem-grant,TOTAL,--,66,93,919,9.9,265,3,9,3,28,9
c-j-goodwin,2016,AtlantaFalcons,14,0,0,0,0,0,0,0,0,0
c-j-goodwin,2017,ArizonaCardinals,14,--,--,--,--,--,--,--,--,--
c-j-goodwin,2018,DallasCowboys,3,--,--,--,--,--,--,--,--,--
c-j-goodwin,2019,DallasCowboys,16,--,--,--,--,--,--,--,--,--
c-j-goodwin,2020,DallasCowboys,16,0,73,0,73,0,1,1,0,0
c-j-goodwin,TOTAL,--,63,0,73,0,73,0,1,1,0,0
ted-ginn,2007,MiamiDolphins,16,24,230,9.6,87,1,2,1,15,3
ted-ginn,2008,MiamiDolphins,16,7,54,7.7,15,0,0,0,1,2
ted-ginn,2009,MiamiDolphins,16,5,28,5.6,12,0,0,0,0,1
ted-ginn,2010,SanFrancisco49ers,13,24,321,13.4,78,1,4,2,18,1
ted-ginn,2011,SanFrancisco49ers,14,38,466,12.3,55,1,9,3,18,0
ted-ginn,2012,SanFrancisco49ers,13,32,326,10.2,38,0,4,0,12,3
ted-ginn,2013,CarolinaPanthers,16,26,316,12.2,41,0,5,1,26,0
ted-ginn,2014,ArizonaCardinals,16,26,277,10.7,71,1,2,2,24,2
ted-ginn,2015,CarolinaPanthers,15,27,277,10.3,37,0,3,0,22,0
ted-ginn,2016,CarolinaPanthers,16,29,202,7,19,0,0,0,24,2
ted-ginn,2017,NewOrleansSaints,15,19,103,5.4,17,0,0,0,13,2
ted-ginn,2018,NewOrleansSaints,5,0,0,0,--,0,0,0,2,0
ted-ginn,2019,NewOrleansSaints,16,--,--,--,--,--,--,--,--,--
ted-ginn,2020,ChicagoBears,6,5,24,4.8,10,0,0,0,1,1
ted-ginn,TOTAL,--,193,262,2624,10,480,4,29,9,176,17
rashaan-gaulden,2018,CarolinaPanthers,15,--,--,--,--,--,--,--,--,--
rashaan-gaulden,2019,NewYorkGiants,10,1,0,0,0,0,0,0,0,1
rashaan-gaulden,2020,LasVegasRaiders,2,--,--,--,--,--,--,--,--,--
rashaan-gaulden,TOTAL,--,27,1,0,0,0,0,0,0,0,1
russell-gage,2018,AtlantaFalcons,15,--,--,--,--,--,--,--,--,--
russell-gage,2019,AtlantaFalcons,16,1,-6,-6,-6,0,0,0,0,1
russell-gage,2020,AtlantaFalcons,16,--,--,--,--,--,--,--,--,--
russell-gage,TOTAL,--,47,1,-6,-6,-6,0,0,0,0,1
micah-hyde,2013,GreenBayPackers,16,24,296,12.3,93,1,4,1,14,2
micah-hyde,2014,GreenBayPackers,16,14,221,15.8,75,2,3,2,3,0
micah-hyde,2015,GreenBayPackers,15,27,157,5.8,16,0,0,0,18,1
micah-hyde,2016,GreenBayPackers,16,11,64,5.8,19,0,0,0,6,1
micah-hyde,2017,BuffaloBills,16,2,18,9,12,0,0,0,6,0
micah-hyde,2018,BuffaloBills,15,9,75,8.3,31,0,1,0,10,0
micah-hyde,2019,BuffaloBills,16,3,16,5.3,10,0,0,0,5,0
micah-hyde,2020,BuffaloBills,15,1,0,0,0,0,0,0,0,0
micah-hyde,TOTAL,--,125,91,847,9.3,256,3,8,3,62,4
adam-humphries,2015,TampaBayBuccaneers,13,0,0,0,0,0,0,0,0,0
adam-humphries,2016,TampaBayBuccaneers,15,24,237,9.9,25,0,2,0,22,3
adam-humphries,2017,TampaBayBuccaneers,16,6,49,8.2,19,0,0,0,7,0
adam-humphries,2018,TampaBayBuccaneers,16,21,139,6.6,16,0,0,0,15,2
adam-humphries,2019,TennesseeTitans,12,12,78,6.5,21,0,1,0,19,1
adam-humphries,2020,TennesseeTitans,7,--,--,--,--,--,--,--,--,--
adam-humphries,TOTAL,--,79,63,503,8,81,0,3,0,63,6
mike-hughes,2018,MinnesotaVikings,6,2,13,6.5,13,0,0,0,0,1
mike-hughes,2019,MinnesotaVikings,14,14,104,7.4,23,0,1,0,9,3
mike-hughes,2020,MinnesotaVikings,4,--,--,--,--,--,--,--,--,--
mike-hughes,TOTAL,--,24,16,117,7.3,36,0,1,0,9,4
johnny-holton,2016,OaklandRaiders,15,0,0,0,0,0,0,0,0,0
johnny-holton,2017,OaklandRaiders,16,1,0,0,0,0,0,0,0,1
johnny-holton,2018,OaklandRaiders,1,--,--,--,--,--,--,--,--,--
johnny-holton,2019,PittsburghSteelers,16,--,--,--,--,--,--,--,--,--
johnny-holton,2020,NewYorkGiants,1,--,--,--,--,--,--,--,--,--
johnny-holton,TOTAL,--,49,1,0,0,0,0,0,0,0,1
krishawn-hogan,2017,IndianapolisColts,2,0,-8,0,-8,0,0,0,0,1
krishawn-hogan,2018,IndianapolisColts,--,--,--,--,--,--,--,--,--,--
krishawn-hogan,2019,NewOrleansSaints,8,--,--,--,--,--,--,--,--,--
krishawn-hogan,2020,ArizonaCardinals,--,--,--,--,--,--,--,--,--,--
krishawn-hogan,TOTAL,--,10,0,-8,0,-8,0,0,0,0,1
chris-hogan,2012,BuffaloBills,0,0,0,0,0,0,0,0,0,0
chris-hogan,2013,BuffaloBills,16,0,0,0,0,0,0,0,0,0
chris-hogan,2014,BuffaloBills,16,0,0,0,0,0,0,0,0,0
chris-hogan,2015,BuffaloBills,16,0,0,0,0,0,0,0,0,0
chris-hogan,2016,NewEnglandPatriots,15,0,0,0,0,0,0,0,0,0
chris-hogan,2017,NewEnglandPatriots,9,--,--,--,--,--,--,--,--,--
chris-hogan,2018,NewEnglandPatriots,16,--,--,--,--,--,--,--,--,--
chris-hogan,2019,CarolinaPanthers,7,4,20,5,8,0,0,0,3,0
chris-hogan,2020,NewYorkJets,5,0,0,0,--,0,0,0,5,0
chris-hogan,TOTAL,--,100,4,20,5,8,0,0,0,8,0
nyheim-hines,2018,IndianapolisColts,16,--,--,--,--,--,--,--,--,--
nyheim-hines,2019,IndianapolisColts,16,9,281,31.2,84,2,4,3,4,0
nyheim-hines,2020,IndianapolisColts,16,30,300,10,26,0,3,0,14,0
nyheim-hines,TOTAL,--,48,39,581,14.9,110,2,7,3,18,0
t-y-hilton,2012,IndianapolisColts,15,26,300,11.5,75,1,1,1,18,0
t-y-hilton,2013,IndianapolisColts,16,17,159,9.4,34,0,2,0,12,1
t-y-hilton,2014,IndianapolisColts,15,0,0,0,0,0,0,0,0,0
t-y-hilton,2015,IndianapolisColts,16,4,16,4,10,0,0,0,2,0
t-y-hilton,2016,IndianapolisColts,16,1,5,5,5,0,0,0,1,0
t-y-hilton,2017,IndianapolisColts,16,--,--,--,--,--,--,--,--,--
t-y-hilton,2018,IndianapolisColts,14,1,2,2,2,0,0,0,0,0
t-y-hilton,2019,IndianapolisColts,10,--,--,--,--,--,--,--,--,--
t-y-hilton,2020,IndianapolisColts,15,--,--,--,--,--,--,--,--,--
t-y-hilton,TOTAL,--,133,49,482,9.8,126,1,3,1,33,1
dontrell-hilliard,2018,ClevelandBrowns,11,--,--,--,--,--,--,--,--,--
dontrell-hilliard,2019,ClevelandBrowns,14,15,107,7.1,18,0,0,0,6,2
dontrell-hilliard,2020,HoustonTexans,7,--,--,--,--,--,--,--,--,--
dontrell-hilliard,TOTAL,--,32,15,107,7.1,18,0,0,0,6,2
tyreek-hill,2016,KansasCityChiefs,16,39,592,15.2,95,2,8,3,8,3
tyreek-hill,2017,KansasCityChiefs,15,25,204,8.2,82,1,3,1,9,2
tyreek-hill,2018,KansasCityChiefs,16,20,213,10.7,91,1,2,1,3,0
tyreek-hill,2019,KansasCityChiefs,12,1,0,0,0,0,0,0,0,0
tyreek-hill,2020,KansasCityChiefs,15,1,0,0,0,0,0,0,1,1
tyreek-hill,TOTAL,--,74,86,1009,11.7,268,4,13,5,21,6
taysom-hill,2017,NewOrleansSaints,5,--,--,--,--,--,--,--,--,--
taysom-hill,2018,NewOrleansSaints,16,1,0,0,0,0,0,0,0,0
taysom-hill,2019,NewOrleansSaints,16,--,--,--,--,--,--,--,--,--
taysom-hill,2020,NewOrleansSaints,16,--,--,--,--,--,--,--,--,--
taysom-hill,TOTAL,--,53,1,0,0,0,0,0,0,0,0
k-j-hill,2020,LosAngelesChargers,15,12,83,6.9,30,0,1,0,11,1
k-j-hill,TOTAL,--,15,12,83,6.9,30,0,1,0,11,1
chris-herndon,2018,NewYorkJets,16,1,0,0,0,0,0,0,0,1
chris-herndon,2019,NewYorkJets,1,--,--,--,--,--,--,--,--,--
chris-herndon,2020,NewYorkJets,16,--,--,--,--,--,--,--,--,--
chris-herndon,TOTAL,--,33,1,0,0,0,0,0,0,0,1
quadree-henderson,2018,NewYorkGiants,5,9,68,7.6,21,0,1,0,3,0
quadree-henderson,2019,PittsburghSteelers,--,--,--,--,--,--,--,--,--,--
quadree-henderson,TOTAL,--,5,9,68,7.6,21,0,1,0,3,0
d-j-hayden,2013,OaklandRaiders,8,0,22,0,22,0,1,0,0,0
d-j-hayden,2014,OaklandRaiders,10,0,0,0,0,0,0,0,0,0
d-j-hayden,2015,OaklandRaiders,16,0,0,0,0,0,0,0,0,0
d-j-hayden,2016,OaklandRaiders,11,0,0,0,0,0,0,0,0,0
d-j-hayden,2017,DetroitLions,16,--,--,--,--,--,--,--,--,--
d-j-hayden,2018,JacksonvilleJaguars,10,--,--,--,--,--,--,--,--,--
d-j-hayden,2019,JacksonvilleJaguars,15,--,--,--,--,--,--,--,--,--
d-j-hayden,2020,JacksonvilleJaguars,5,--,--,--,--,--,--,--,--,--
d-j-hayden,TOTAL,--,91,0,22,0,22,0,1,0,0,0
maurice-harris,2016,WashingtonRedskins,10,0,0,0,0,0,0,0,0,0
maurice-harris,2017,WashingtonRedskins,6,0,0,0,--,0,0,0,1,0
maurice-harris,2018,WashingtonRedskins,12,3,11,3.7,6,0,0,0,3,1
maurice-harris,TOTAL,--,28,3,11,3.7,6,0,0,0,4,1
dwayne-harris,2011,DallasCowboys,7,15,80,5.3,14,0,0,0,6,0
dwayne-harris,2012,DallasCowboys,16,22,354,16.1,78,1,7,1,11,0
dwayne-harris,2013,DallasCowboys,13,20,256,12.8,86,1,4,1,10,2
dwayne-harris,2014,DallasCowboys,16,30,275,9.2,38,0,3,0,13,4
dwayne-harris,2015,NewYorkGiants,15,34,341,10,80,1,4,1,7,3
dwayne-harris,2016,NewYorkGiants,16,29,170,5.9,17,0,0,0,10,3
dwayne-harris,2017,NewYorkGiants,5,7,48,6.9,17,0,0,0,9,0
dwayne-harris,2018,OaklandRaiders,15,20,281,14.1,99,1,2,2,15,0
dwayne-harris,2019,OaklandRaiders,3,3,20,6.7,11,0,0,0,2,0
dwayne-harris,2020,ChicagoBears,3,10,81,8.1,19,0,0,0,0,1
dwayne-harris,TOTAL,--,109,190,1906,10,459,4,20,5,83,13
deonte-harris,2019,NewOrleansSaints,14,36,338,9.4,53,1,4,1,11,3
deonte-harris,2020,NewOrleansSaints,9,17,207,12.2,42,0,2,1,5,2
deonte-harris,TOTAL,--,23,53,545,10.3,95,1,6,2,16,5
vernon-hargreaves-iii,2016,TampaBayBuccaneers,16,5,29,5.8,12,0,0,0,0,0
vernon-hargreaves-iii,2017,TampaBayBuccaneers,9,--,--,--,--,--,--,--,--,--
vernon-hargreaves-iii,2018,TampaBayBuccaneers,1,--,--,--,--,--,--,--,--,--
vernon-hargreaves-iii,2019,HoustonTexans,15,0,0,0,--,0,0,0,1,0
vernon-hargreaves-iii,2020,HoustonTexans,16,--,--,--,--,--,--,--,--,--
vernon-hargreaves-iii,TOTAL,--,57,5,29,5.8,12,0,0,0,1,0
justin-hardy,2015,AtlantaFalcons,9,0,0,0,0,0,0,0,0,0
justin-hardy,2016,AtlantaFalcons,16,0,0,0,0,0,0,0,0,0
justin-hardy,2017,AtlantaFalcons,16,--,--,--,--,--,--,--,--,--
justin-hardy,2018,AtlantaFalcons,16,20,147,7.4,18,0,0,0,23,1
justin-hardy,2019,AtlantaFalcons,16,--,--,--,--,--,--,--,--,--
justin-hardy,TOTAL,--,73,20,147,7.4,18,0,0,0,23,1
mecole-hardman,2019,KansasCityChiefs,16,18,167,9.3,36,0,2,0,6,0
mecole-hardman,2020,KansasCityChiefs,16,25,176,7,67,1,1,1,13,1
mecole-hardman,TOTAL,--,32,43,343,8,103,1,3,1,19,1
k-j-hamler,2020,DenverBroncos,13,3,6,2,8,0,0,0,5,1
k-j-hamler,TOTAL,--,13,3,6,2,8,0,0,0,5,1
daesean-hamilton,2018,DenverBroncos,14,3,31,10.3,13,0,0,0,5,0
daesean-hamilton,2019,DenverBroncos,16,--,--,--,--,--,--,--,--,--
daesean-hamilton,2020,DenverBroncos,16,--,--,--,--,--,--,--,--,--
daesean-hamilton,TOTAL,--,46,3,31,10.3,13,0,0,0,5,0
marvin-hall,2017,AtlantaFalcons,8,--,--,--,--,--,--,--,--,--
marvin-hall,2018,AtlantaFalcons,16,1,0,0,0,0,0,0,1,0
marvin-hall,2019,DetroitLions,9,2,16,8,14,0,0,0,1,0
marvin-hall,2020,ClevelandBrowns,12,--,--,--,--,--,--,--,--,--
marvin-hall,TOTAL,--,45,3,16,5.3,14,0,0,0,2,0
joe-haden,2010,ClevelandBrowns,16,0,0,0,0,0,0,0,0,0
joe-haden,2011,ClevelandBrowns,15,0,0,0,0,0,0,0,0,0
joe-haden,2012,ClevelandBrowns,11,0,0,0,0,0,0,0,0,0
joe-haden,2013,ClevelandBrowns,15,0,0,0,0,0,0,0,0,0
joe-haden,2014,ClevelandBrowns,15,0,0,0,0,0,0,0,0,0
joe-haden,2015,ClevelandBrowns,5,0,0,0,0,0,0,0,0,0
joe-haden,2016,ClevelandBrowns,13,2,18,9,13,0,0,0,2,0
joe-haden,2017,PittsburghSteelers,11,--,--,--,--,--,--,--,--,--
joe-haden,2018,PittsburghSteelers,15,--,--,--,--,--,--,--,--,--
joe-haden,2019,PittsburghSteelers,16,--,--,--,--,--,--,--,--,--
joe-haden,2020,PittsburghSteelers,14,0,0,0,--,0,0,0,1,0
joe-haden,TOTAL,--,146,2,18,9,13,0,0,0,3,0
andy-isabella,2019,ArizonaCardinals,15,--,--,--,--,--,--,--,--,--
andy-isabella,2020,ArizonaCardinals,13,1,1,1,1,0,0,0,4,0
andy-isabella,TOTAL,--,28,1,1,1,1,0,0,0,4,0
reshad-jones,2010,MiamiDolphins,13,0,0,0,0,0,0,0,0,0
reshad-jones,2011,MiamiDolphins,15,0,0,0,0,0,0,0,0,0
reshad-jones,2012,MiamiDolphins,16,1,0,0,0,0,0,0,0,1
reshad-jones,2013,MiamiDolphins,16,0,0,0,0,0,0,0,0,0
reshad-jones,2014,MiamiDolphins,12,0,0,0,0,0,0,0,0,0
reshad-jones,2015,MiamiDolphins,16,0,0,0,0,0,0,0,0,0
reshad-jones,2016,MiamiDolphins,6,0,0,0,0,0,0,0,0,0
reshad-jones,2017,MiamiDolphins,16,--,--,--,--,--,--,--,--,--
reshad-jones,2018,MiamiDolphins,14,--,--,--,--,--,--,--,--,--
reshad-jones,2019,MiamiDolphins,4,--,--,--,--,--,--,--,--,--
reshad-jones,TOTAL,--,128,1,0,0,0,0,0,0,0,1
cyrus-jones,2016,NewEnglandPatriots,10,11,46,4.2,13,0,0,0,3,4
cyrus-jones,2018,BaltimoreRavens,13,23,304,13.2,70,1,5,2,20,1
cyrus-jones,2019,DenverBroncos,8,12,113,9.4,25,0,1,0,10,1
cyrus-jones,TOTAL,--,31,46,463,10.1,108,1,6,2,33,6
chandler-jones,2012,NewEnglandPatriots,14,0,0,0,0,0,0,0,0,0
chandler-jones,2013,NewEnglandPatriots,16,0,0,0,0,0,0,0,0,0
chandler-jones,2014,NewEnglandPatriots,10,0,0,0,0,0,0,0,0,0
chandler-jones,2015,NewEnglandPatriots,15,0,0,0,0,0,0,0,0,0
chandler-jones,2016,ArizonaCardinals,16,1,0,0,0,0,0,0,0,0
chandler-jones,2017,ArizonaCardinals,16,--,--,--,--,--,--,--,--,--
chandler-jones,2018,ArizonaCardinals,16,--,--,--,--,--,--,--,--,--
chandler-jones,2019,ArizonaCardinals,16,--,--,--,--,--,--,--,--,--
chandler-jones,2020,ArizonaCardinals,5,--,--,--,--,--,--,--,--,--
chandler-jones,TOTAL,--,124,1,0,0,0,0,0,0,0,0
trumaine-johnson,2012,St.LouisRams,16,0,0,0,0,0,0,0,0,0
trumaine-johnson,2013,St.LouisRams,16,0,0,0,0,0,0,0,0,0
trumaine-johnson,2014,St.LouisRams,9,0,0,0,0,0,0,0,1,0
trumaine-johnson,2015,St.LouisRams,14,0,0,0,0,0,0,0,0,0
trumaine-johnson,2016,LosAngelesRams,14,0,0,0,0,0,0,0,0,0
trumaine-johnson,2017,LosAngelesRams,16,1,6,6,6,0,0,0,0,0
trumaine-johnson,2018,NewYorkJets,10,--,--,--,--,--,--,--,--,--
trumaine-johnson,2019,NewYorkJets,7,--,--,--,--,--,--,--,--,--
trumaine-johnson,2020,CarolinaPanthers,--,--,--,--,--,--,--,--,--,--
trumaine-johnson,TOTAL,--,102,1,6,6,6,0,0,0,1,0
dontae-johnson,2014,SanFrancisco49ers,16,0,0,0,0,0,0,0,0,0
dontae-johnson,2015,SanFrancisco49ers,16,0,0,0,0,0,0,0,0,0
dontae-johnson,2016,SanFrancisco49ers,15,1,25,25,25,0,1,0,0,0
dontae-johnson,2017,SanFrancisco49ers,16,--,--,--,--,--,--,--,--,--
dontae-johnson,2018,ArizonaCardinals,1,--,--,--,--,--,--,--,--,--
dontae-johnson,2019,SanFrancisco49ers,9,--,--,--,--,--,--,--,--,--
dontae-johnson,2020,SanFrancisco49ers,14,--,--,--,--,--,--,--,--,--
dontae-johnson,TOTAL,--,87,1,25,25,25,0,1,0,0,0
d-ernest-johnson,2019,ClevelandBrowns,16,2,9,4.5,9,0,0,0,1,0
d-ernest-johnson,2020,ClevelandBrowns,16,3,13,4.3,10,0,0,0,4,0
d-ernest-johnson,TOTAL,--,32,5,22,4.4,19,0,0,0,5,0
danny-johnson,2018,WashingtonRedskins,14,--,--,--,--,--,--,--,--,--
danny-johnson,2019,WashingtonRedskins,2,--,--,--,--,--,--,--,--,--
danny-johnson,2020,WashingtonFootballTeam,14,1,3,3,3,0,0,0,4,0
danny-johnson,TOTAL,--,30,1,3,3,3,0,0,0,4,0
bisi-johnson,2019,MinnesotaVikings,16,1,8,8,8,0,0,0,1,0
bisi-johnson,2020,MinnesotaVikings,16,--,--,--,--,--,--,--,--,--
bisi-johnson,TOTAL,--,32,1,8,8,8,0,0,0,1,0
diontae-johnson,2019,PittsburghSteelers,16,20,248,12.4,85,1,1,1,7,1
diontae-johnson,2020,PittsburghSteelers,15,8,58,7.3,18,0,0,0,2,1
diontae-johnson,TOTAL,--,31,28,306,10.9,103,1,1,1,9,2
duke-johnson,2015,ClevelandBrowns,16,0,0,0,0,0,0,0,0,0
duke-johnson,2016,ClevelandBrowns,16,17,112,6.6,18,0,0,0,1,0
duke-johnson,2017,ClevelandBrowns,16,3,17,5.7,12,0,0,0,1,1
duke-johnson,2018,ClevelandBrowns,16,--,--,--,--,--,--,--,--,--
duke-johnson,2019,HoustonTexans,16,--,--,--,--,--,--,--,--,--
duke-johnson,2020,HoustonTexans,11,--,--,--,--,--,--,--,--,--
duke-johnson,TOTAL,--,91,20,129,6.5,30,0,0,0,2,1
janoris-jenkins,2012,St.LouisRams,15,9,46,5.1,14,0,0,0,1,3
janoris-jenkins,2013,St.LouisRams,16,0,0,0,0,0,0,0,0,0
janoris-jenkins,2014,St.LouisRams,14,0,0,0,0,0,0,0,0,0
janoris-jenkins,2015,St.LouisRams,15,1,5,5,5,0,0,0,0,0
janoris-jenkins,2016,NewYorkGiants,15,0,0,0,0,0,0,0,0,0
janoris-jenkins,2017,NewYorkGiants,9,--,--,--,--,--,--,--,--,--
janoris-jenkins,2018,NewYorkGiants,16,--,--,--,--,--,--,--,--,--
janoris-jenkins,2019,NewOrleansSaints,15,--,--,--,--,--,--,--,--,--
janoris-jenkins,2020,NewOrleansSaints,13,--,--,--,--,--,--,--,--,--
janoris-jenkins,TOTAL,--,128,10,51,5.1,19,0,0,0,1,3
richie-james,2018,SanFrancisco49ers,13,12,75,6.3,23,0,1,0,10,2
richie-james,2019,SanFrancisco49ers,16,33,264,8,32,0,1,0,11,0
richie-james,2020,SanFrancisco49ers,11,6,34,5.7,12,0,0,0,6,2
richie-james,TOTAL,--,40,51,373,7.3,67,0,2,0,27,4
william-jackson,2017,CincinnatiBengals,15,1,0,0,0,0,0,0,0,1
william-jackson,2018,CincinnatiBengals,16,--,--,--,--,--,--,--,--,--
william-jackson,2019,CincinnatiBengals,14,--,--,--,--,--,--,--,--,--
william-jackson,2020,CincinnatiBengals,14,--,--,--,--,--,--,--,--,--
william-jackson,TOTAL,--,59,1,0,0,0,0,0,0,0,1
josh-jackson,2018,GreenBayPackers,16,2,0,0,0,0,0,0,1,1
josh-jackson,2019,GreenBayPackers,14,--,--,--,--,--,--,--,--,--
josh-jackson,2020,GreenBayPackers,12,2,13,6.5,7,0,0,0,0,0
josh-jackson,TOTAL,--,42,4,13,3.3,7,0,0,0,1,1
eddie-jackson,2017,ChicagoBears,16,2,6,3,7,0,0,0,1,0
eddie-jackson,2018,ChicagoBears,14,--,--,--,--,--,--,--,--,--
eddie-jackson,2019,ChicagoBears,16,--,--,--,--,--,--,--,--,--
eddie-jackson,2020,ChicagoBears,16,--,--,--,--,--,--,--,--,--
eddie-jackson,TOTAL,--,62,2,6,3,7,0,0,0,1,0
desean-jackson,2008,PhiladelphiaEagles,16,50,440,8.8,68,1,3,2,16,3
desean-jackson,2009,PhiladelphiaEagles,15,29,441,15.2,85,2,7,3,15,1
desean-jackson,2010,PhiladelphiaEagles,14,20,231,11.6,65,1,3,1,8,2
desean-jackson,2011,PhiladelphiaEagles,15,17,114,6.7,51,0,2,1,12,1
desean-jackson,2012,PhiladelphiaEagles,11,1,-3,-3,-3,0,0,0,0,0
desean-jackson,2013,PhiladelphiaEagles,16,14,71,5.1,32,0,2,0,8,0
desean-jackson,2014,WashingtonRedskins,15,1,0,0,0,0,0,0,2,0
desean-jackson,2015,WashingtonRedskins,9,2,-5,-2.5,2,0,0,0,1,1
desean-jackson,2016,WashingtonRedskins,15,0,0,0,0,0,0,0,0,0
desean-jackson,2017,TampaBayBuccaneers,14,--,--,--,--,--,--,--,--,--
desean-jackson,2018,TampaBayBuccaneers,12,5,24,4.8,11,0,0,0,0,0
desean-jackson,2019,PhiladelphiaEagles,3,--,--,--,--,--,--,--,--,--
desean-jackson,2020,PhiladelphiaEagles,5,1,2,2,2,0,0,0,1,0
desean-jackson,TOTAL,--,160,140,1315,9.4,313,4,17,7,63,8
adoree-jackson,2017,TennesseeTitans,16,34,290,8.5,46,0,3,1,9,1
adoree-jackson,2018,TennesseeTitans,16,16,148,9.3,26,0,1,0,9,3
adoree-jackson,2019,TennesseeTitans,11,3,26,8.7,17,0,0,0,1,1
adoree-jackson,2020,TennesseeTitans,3,--,--,--,--,--,--,--,--,--
adoree-jackson,TOTAL,--,46,53,464,8.8,89,0,4,1,19,5
cooper-kupp,2017,LosAngelesRams,15,0,0,0,--,0,0,0,2,0
cooper-kupp,2018,LosAngelesRams,8,1,4,4,4,0,0,0,3,0
cooper-kupp,2019,LosAngelesRams,16,--,--,--,--,--,--,--,--,--
cooper-kupp,2020,LosAngelesRams,15,9,50,5.6,10,0,0,0,11,1
cooper-kupp,TOTAL,--,54,10,54,5.4,14,0,0,0,16,1
christian-kirk,2018,ArizonaCardinals,12,21,164,7.8,44,0,2,1,17,0
christian-kirk,2019,ArizonaCardinals,13,7,39,5.6,20,0,1,0,6,0
christian-kirk,2020,ArizonaCardinals,14,22,132,6,24,0,2,0,10,1
christian-kirk,TOTAL,--,39,50,335,6.7,88,0,5,1,33,1
kevin-king,2017,GreenBayPackers,9,--,--,--,--,--,--,--,--,--
kevin-king,2018,GreenBayPackers,6,1,0,0,0,0,0,0,0,1
kevin-king,2019,GreenBayPackers,15,--,--,--,--,--,--,--,--,--
kevin-king,2020,GreenBayPackers,11,--,--,--,--,--,--,--,--,--
kevin-king,TOTAL,--,41,1,0,0,0,0,0,0,0,1
desmond-king,2017,LosAngelesChargers,16,1,2,2,2,0,0,0,1,0
desmond-king,2018,LosAngelesChargers,16,23,318,13.8,73,1,6,2,8,1
desmond-king,2019,LosAngelesChargers,15,21,118,5.6,68,1,1,1,11,4
desmond-king,2020,TennesseeTitans,15,6,17,2.8,7,0,0,0,4,0
desmond-king,TOTAL,--,62,51,455,8.9,150,2,7,3,24,5
alvin-kamara,2017,NewOrleansSaints,16,--,--,--,--,--,--,--,--,--
alvin-kamara,2018,NewOrleansSaints,15,12,82,6.8,16,0,0,0,9,1
alvin-kamara,2019,NewOrleansSaints,14,4,30,7.5,27,0,1,0,1,0
alvin-kamara,2020,NewOrleansSaints,15,1,0,0,0,0,0,0,0,0
alvin-kamara,TOTAL,--,60,17,112,6.6,43,0,1,0,10,1
t-j-logan,2018,ArizonaCardinals,10,--,--,--,--,--,--,--,--,--
t-j-logan,2019,TampaBayBuccaneers,12,13,124,9.5,40,0,1,1,2,0
t-j-logan,2020,TampaBayBuccaneers,--,--,--,--,--,--,--,--,--,--
t-j-logan,TOTAL,--,22,13,124,9.5,40,0,1,1,2,0
tyler-lockett,2015,SeattleSeahawks,16,40,379,9.5,66,1,5,3,21,2
tyler-lockett,2016,SeattleSeahawks,15,29,243,8.4,62,0,3,1,22,0
tyler-lockett,2017,SeattleSeahawks,16,36,237,6.6,27,0,2,0,21,0
tyler-lockett,2018,SeattleSeahawks,16,25,143,5.7,19,0,0,0,20,1
tyler-lockett,2019,SeattleSeahawks,16,13,66,5.1,20,0,1,0,10,0
tyler-lockett,2020,SeattleSeahawks,16,--,--,--,--,--,--,--,--,--
tyler-lockett,TOTAL,--,95,143,1068,7.5,194,1,11,4,94,3
phillip-lindsay,2018,DenverBroncos,15,3,23,7.7,15,0,0,0,0,0
phillip-lindsay,2019,DenverBroncos,16,--,--,--,--,--,--,--,--,--
phillip-lindsay,2020,DenverBroncos,11,--,--,--,--,--,--,--,--,--
phillip-lindsay,TOTAL,--,42,3,23,7.7,15,0,0,0,0,0
tommylee-lewis,2016,NewOrleansSaints,12,14,160,11.4,59,0,3,1,8,2
tommylee-lewis,2017,NewOrleansSaints,15,14,115,8.2,24,0,1,0,10,1
tommylee-lewis,2018,NewOrleansSaints,7,8,60,7.5,17,0,0,0,6,0
tommylee-lewis,2020,NewOrleansSaints,5,9,69,7.7,17,0,0,0,7,0
tommylee-lewis,TOTAL,--,39,45,404,9,117,0,4,1,31,3
marqise-lee,2014,JacksonvilleJaguars,13,0,0,0,0,0,0,0,0,0
marqise-lee,2015,JacksonvilleJaguars,10,0,0,0,0,0,0,0,0,0
marqise-lee,2016,JacksonvilleJaguars,16,2,3,1.5,3,0,0,0,3,1
marqise-lee,2017,JacksonvilleJaguars,14,5,13,2.6,7,0,0,0,6,0
marqise-lee,2018,JacksonvilleJaguars,--,--,--,--,--,--,--,--,--,--
marqise-lee,2019,JacksonvilleJaguars,6,--,--,--,--,--,--,--,--,--
marqise-lee,2020,NewEnglandPatriots,--,--,--,--,--,--,--,--,--,--
marqise-lee,TOTAL,--,59,7,16,2.3,10,0,0,0,9,1
cre-von-leblanc,2016,ChicagoBears,13,5,43,8.6,13,0,0,0,3,0
cre-von-leblanc,2017,ChicagoBears,15,--,--,--,--,--,--,--,--,--
cre-von-leblanc,2018,PhiladelphiaEagles,11,--,--,--,--,--,--,--,--,--
cre-von-leblanc,2019,PhiladelphiaEagles,4,--,--,--,--,--,--,--,--,--
cre-von-leblanc,2020,PhiladelphiaEagles,9,--,--,--,--,--,--,--,--,--
cre-von-leblanc,TOTAL,--,52,5,43,8.6,13,0,0,0,3,0
jarvis-landry,2014,MiamiDolphins,16,25,204,8.2,32,0,3,0,19,4
jarvis-landry,2015,MiamiDolphins,16,36,356,9.9,69,1,5,1,16,1
jarvis-landry,2016,MiamiDolphins,16,16,163,10.2,20,0,1,0,15,1
jarvis-landry,2017,MiamiDolphins,16,12,81,6.8,16,0,0,0,3,0
jarvis-landry,2018,ClevelandBrowns,16,2,10,5,8,0,0,0,1,0
jarvis-landry,2019,ClevelandBrowns,16,5,53,10.6,18,0,0,0,8,0
jarvis-landry,2020,ClevelandBrowns,15,--,--,--,--,--,--,--,--,--
jarvis-landry,TOTAL,--,111,96,867,9,163,1,9,1,62,6
ceedee-lamb,2020,DallasCowboys,16,24,172,7.2,27,0,3,0,9,1
ceedee-lamb,TOTAL,--,16,24,172,7.2,27,0,3,0,9,1
marcus-murphy,2015,NewOrleansSaints,13,28,261,9.3,74,1,3,1,7,3
marcus-murphy,2016,NewOrleansSaints,3,6,57,9.5,22,0,1,0,0,0
marcus-murphy,2017,BuffaloBills,1,--,--,--,--,--,--,--,--,--
marcus-murphy,2018,BuffaloBills,11,2,15,7.5,9,0,0,0,2,1
marcus-murphy,TOTAL,--,28,36,333,9.3,105,1,4,1,9,4
byron-murphy,2019,ArizonaCardinals,16,--,--,--,--,--,--,--,--,--
byron-murphy,2020,ArizonaCardinals,15,2,3,1.5,3,0,0,0,1,0
byron-murphy,TOTAL,--,31,2,3,1.5,3,0,0,0,1,0
raheem-mostert,2015,ClevelandBrowns,11,0,0,0,0,0,0,0,0,0
raheem-mostert,2016,SanFrancisco49ers,3,0,33,0,33,0,1,0,0,0
raheem-mostert,2017,SanFrancisco49ers,11,--,--,--,--,--,--,--,--,--
raheem-mostert,2018,SanFrancisco49ers,9,--,--,--,--,--,--,--,--,--
raheem-mostert,2019,SanFrancisco49ers,16,--,--,--,--,--,--,--,--,--
raheem-mostert,2020,SanFrancisco49ers,8,--,--,--,--,--,--,--,--,--
raheem-mostert,TOTAL,--,58,0,33,0,33,0,1,0,0,0
d-j-moore,2018,CarolinaPanthers,16,6,32,5.3,15,0,0,0,5,1
d-j-moore,2019,CarolinaPanthers,15,5,41,8.2,16,0,0,0,4,0
d-j-moore,2020,CarolinaPanthers,15,--,--,--,--,--,--,--,--,--
d-j-moore,TOTAL,--,46,11,73,6.6,31,0,0,0,9,1
david-moore,2017,SeattleSeahawks,1,--,--,--,--,--,--,--,--,--
david-moore,2018,SeattleSeahawks,16,--,--,--,--,--,--,--,--,--
david-moore,2019,SeattleSeahawks,14,10,75,7.5,18,0,0,0,10,1
david-moore,2020,SeattleSeahawks,16,12,111,9.3,20,0,1,0,14,1
david-moore,TOTAL,--,47,22,186,8.5,38,0,1,0,24,2
anthony-miller,2018,ChicagoBears,15,--,--,--,--,--,--,--,--,--
anthony-miller,2019,ChicagoBears,16,--,--,--,--,--,--,--,--,--
anthony-miller,2020,ChicagoBears,16,5,55,11,32,0,1,0,3,0
anthony-miller,TOTAL,--,47,5,55,11,32,0,1,0,3,0
jaydon-mickens,2017,JacksonvilleJaguars,10,27,287,10.6,72,1,3,2,19,3
jaydon-mickens,2018,JacksonvilleJaguars,6,12,59,4.9,16,0,0,0,2,1
jaydon-mickens,2019,TampaBayBuccaneers,1,0,0,0,--,0,0,0,2,0
jaydon-mickens,2020,TampaBayBuccaneers,10,16,99,6.2,14,0,0,0,12,0
jaydon-mickens,TOTAL,--,27,55,445,8.1,102,1,3,2,35,4
quenton-meeks,2018,JacksonvilleJaguars,8,1,1,1,1,0,0,0,0,0
quenton-meeks,2019,LosAngelesChargers,--,--,--,--,--,--,--,--,--,--
quenton-meeks,2020,JacksonvilleJaguars,6,--,--,--,--,--,--,--,--,--
quenton-meeks,TOTAL,--,14,1,1,1,1,0,0,0,0,0
sherrick-mcmanis,2010,HoustonTexans,14,0,0,0,0,0,0,0,0,0
sherrick-mcmanis,2011,HoustonTexans,9,0,0,0,0,0,0,0,0,0
sherrick-mcmanis,2012,ChicagoBears,12,0,0,0,0,0,0,0,0,0
sherrick-mcmanis,2013,ChicagoBears,15,0,0,0,0,0,0,0,0,0
sherrick-mcmanis,2014,ChicagoBears,12,1,0,0,0,0,0,0,0,0
sherrick-mcmanis,2015,ChicagoBears,16,0,0,0,0,0,0,0,0,0
sherrick-mcmanis,2016,ChicagoBears,16,0,0,0,0,0,0,0,0,0
sherrick-mcmanis,2017,ChicagoBears,13,--,--,--,--,--,--,--,--,--
sherrick-mcmanis,2018,ChicagoBears,15,--,--,--,--,--,--,--,--,--
sherrick-mcmanis,2019,ChicagoBears,9,--,--,--,--,--,--,--,--,--
sherrick-mcmanis,2020,ChicagoBears,11,--,--,--,--,--,--,--,--,--
sherrick-mcmanis,TOTAL,--,142,1,0,0,0,0,0,0,0,0
isaiah-mckenzie,2017,DenverBroncos,11,21,183,8.7,44,0,4,1,7,6
isaiah-mckenzie,2018,BuffaloBills,8,16,100,6.3,21,0,1,0,3,2
isaiah-mckenzie,2019,BuffaloBills,15,1,4,4,4,0,0,0,1,0
isaiah-mckenzie,2020,BuffaloBills,16,1,84,84,84,1,1,1,1,0
isaiah-mckenzie,TOTAL,--,50,39,371,9.5,153,1,6,2,12,8
elijah-mcguire,2017,NewYorkJets,16,1,10,10,10,0,0,0,2,0
elijah-mcguire,2018,NewYorkJets,8,--,--,--,--,--,--,--,--,--
elijah-mcguire,2019,KansasCityChiefs,0,--,--,--,--,--,--,--,--,--
elijah-mcguire,2020,KansasCityChiefs,0,--,--,--,--,--,--,--,--,--
elijah-mcguire,TOTAL,--,24,1,10,10,10,0,0,0,2,0
ray-ray-mccloud,2018,BuffaloBills,10,4,20,5,13,0,0,0,2,1
ray-ray-mccloud,2019,BuffaloBills,6,10,82,8.2,39,0,1,0,7,3
ray-ray-mccloud,2020,PittsburghSteelers,16,29,298,10.3,57,0,2,2,19,2
ray-ray-mccloud,TOTAL,--,32,43,400,9.3,109,0,3,2,28,6
christian-mccaffrey,2017,CarolinaPanthers,16,22,162,7.4,25,0,1,0,9,1
christian-mccaffrey,2018,CarolinaPanthers,16,--,--,--,--,--,--,--,--,--
christian-mccaffrey,2019,CarolinaPanthers,16,--,--,--,--,--,--,--,--,--
christian-mccaffrey,2020,CarolinaPanthers,3,--,--,--,--,--,--,--,--,--
christian-mccaffrey,TOTAL,--,51,22,162,7.4,25,0,1,0,9,1
tyrann-mathieu,2013,ArizonaCardinals,13,0,0,0,0,0,0,0,1,0
tyrann-mathieu,2014,ArizonaCardinals,13,0,0,0,0,0,0,0,0,0
tyrann-mathieu,2015,ArizonaCardinals,14,0,0,0,0,0,0,0,0,0
tyrann-mathieu,2016,ArizonaCardinals,10,0,0,0,0,0,0,0,0,0
tyrann-mathieu,2017,ArizonaCardinals,16,--,--,--,--,--,--,--,--,--
tyrann-mathieu,2018,HoustonTexans,16,1,6,6,6,0,0,0,1,0
tyrann-mathieu,2019,KansasCityChiefs,16,--,--,--,--,--,--,--,--,--
tyrann-mathieu,2020,KansasCityChiefs,15,--,--,--,--,--,--,--,--,--
tyrann-mathieu,TOTAL,--,113,1,6,6,6,0,0,0,2,0
dean-marlowe,2015,CarolinaPanthers,4,1,0,0,0,0,0,0,0,0
dean-marlowe,2016,CarolinaPanthers,1,0,0,0,0,0,0,0,0,0
dean-marlowe,2018,BuffaloBills,2,--,--,--,--,--,--,--,--,--
dean-marlowe,2019,BuffaloBills,9,--,--,--,--,--,--,--,--,--
dean-marlowe,2020,BuffaloBills,15,--,--,--,--,--,--,--,--,--
dean-marlowe,TOTAL,--,31,1,0,0,0,0,0,0,0,0
j-j-nelson,2015,ArizonaCardinals,11,4,13,3.3,11,0,0,0,4,1
j-j-nelson,2016,ArizonaCardinals,15,0,0,0,0,0,0,0,0,0
j-j-nelson,2017,ArizonaCardinals,16,--,--,--,--,--,--,--,--,--
j-j-nelson,2018,ArizonaCardinals,14,--,--,--,--,--,--,--,--,--
j-j-nelson,2019,OaklandRaiders,2,--,--,--,--,--,--,--,--,--
j-j-nelson,2020,BuffaloBills,--,--,--,--,--,--,--,--,--,--
j-j-nelson,TOTAL,--,58,4,13,3.3,11,0,0,0,4,1
jojo-natson,2017,NewYorkJets,7,16,38,2.4,17,0,0,0,8,1
jojo-natson,2018,LosAngelesRams,13,26,280,10.8,60,0,4,1,10,2
jojo-natson,2019,LosAngelesRams,12,19,149,7.8,35,0,2,0,20,0
jojo-natson,2020,ClevelandBrowns,3,3,25,8.3,13,0,0,0,0,0
jojo-natson,TOTAL,--,35,64,492,7.7,125,0,6,1,38,3
k-j-osborn,2020,MinnesotaVikings,9,7,27,3.9,8,0,0,0,6,2
k-j-osborn,TOTAL,--,9,7,27,3.9,8,0,0,0,6,2
gunner-olszewski,2019,NewEnglandPatriots,8,20,179,9,22,0,2,0,16,1
gunner-olszewski,2020,NewEnglandPatriots,13,20,346,17.3,70,1,4,3,11,0
gunner-olszewski,TOTAL,--,21,40,525,13.1,92,1,6,3,27,1
bobby-okereke,2019,IndianapolisColts,16,1,0,0,0,0,0,0,0,1
bobby-okereke,2020,IndianapolisColts,14,--,--,--,--,--,--,--,--,--
bobby-okereke,TOTAL,--,30,1,0,0,0,0,0,0,0,1
james-proche,2020,BaltimoreRavens,14,23,198,8.6,20,0,1,0,16,0
james-proche,TOTAL,--,14,23,198,8.6,20,0,1,0,16,0
jordan-poyer,2013,ClevelandBrowns,12,8,114,14.3,38,0,3,0,7,0
jordan-poyer,2014,ClevelandBrowns,16,7,28,4,8,0,0,0,2,1
jordan-poyer,2015,ClevelandBrowns,14,0,0,0,0,0,0,0,0,0
jordan-poyer,2016,ClevelandBrowns,6,2,2,1,2,0,0,0,3,0
jordan-poyer,2017,BuffaloBills,15,--,--,--,--,--,--,--,--,--
jordan-poyer,2018,BuffaloBills,16,--,--,--,--,--,--,--,--,--
jordan-poyer,2019,BuffaloBills,16,--,--,--,--,--,--,--,--,--
jordan-poyer,2020,BuffaloBills,16,--,--,--,--,--,--,--,--,--
jordan-poyer,TOTAL,--,111,17,144,8.5,48,0,3,0,12,1
brandon-powell,2018,DetroitLions,6,2,8,4,5,0,0,0,3,0
brandon-powell,2019,AtlantaFalcons,0,--,--,--,--,--,--,--,--,--
brandon-powell,2020,AtlantaFalcons,15,17,152,8.9,24,0,2,0,22,0
brandon-powell,TOTAL,--,21,19,160,8.4,29,0,2,0,25,0
troymaine-pope,2016,SeattleSeahawks,4,0,0,0,0,0,0,0,0,0
troymaine-pope,2018,LosAngelesChargers,0,--,--,--,--,--,--,--,--,--
troymaine-pope,2019,LosAngelesChargers,14,1,0,0,0,0,0,0,6,1
troymaine-pope,2020,LosAngelesChargers,6,--,--,--,--,--,--,--,--,--
troymaine-pope,TOTAL,--,24,1,0,0,0,0,0,0,6,1
darius-phillips,2018,CincinnatiBengals,15,2,24,12,16,0,0,0,1,1
darius-phillips,2019,CincinnatiBengals,8,3,8,2.7,9,0,0,0,1,0
darius-phillips,2020,CincinnatiBengals,12,--,--,--,--,--,--,--,--,--
darius-phillips,TOTAL,--,35,5,32,6.4,25,0,0,0,2,1
dante-pettis,2018,SanFrancisco49ers,12,9,27,3,14,0,0,0,2,2
dante-pettis,2019,SanFrancisco49ers,11,--,--,--,--,--,--,--,--,--
dante-pettis,2020,NewYorkGiants,7,2,14,7,8,0,0,0,2,0
dante-pettis,TOTAL,--,30,11,41,3.7,22,0,0,0,4,2
patrick-peterson,2011,ArizonaCardinals,16,44,699,15.9,99,4,8,5,22,3
patrick-peterson,2012,ArizonaCardinals,16,51,426,8.4,26,0,4,0,14,6
patrick-peterson,2013,ArizonaCardinals,16,33,198,6,22,0,1,0,22,3
patrick-peterson,2014,ArizonaCardinals,16,0,0,0,0,0,0,0,0,0
patrick-peterson,2015,ArizonaCardinals,16,32,260,8.1,38,0,2,0,17,4
patrick-peterson,2016,ArizonaCardinals,16,13,81,6.2,17,0,0,0,12,1
patrick-peterson,2017,ArizonaCardinals,16,13,88,6.8,19,0,0,0,9,0
patrick-peterson,2018,ArizonaCardinals,16,9,64,7.1,16,0,0,0,4,0
patrick-peterson,2019,ArizonaCardinals,10,--,--,--,--,--,--,--,--,--
patrick-peterson,2020,ArizonaCardinals,16,--,--,--,--,--,--,--,--,--
patrick-peterson,TOTAL,--,154,195,1816,9.3,237,4,15,5,100,17
malcolm-perry,2020,MiamiDolphins,9,1,12,12,12,0,0,0,1,1
malcolm-perry,TOTAL,--,9,1,12,12,12,0,0,0,1,1
jabrill-peppers,2017,ClevelandBrowns,13,30,180,6,25,0,1,0,15,5
jabrill-peppers,2018,ClevelandBrowns,16,25,219,8.8,33,0,2,0,22,2
jabrill-peppers,2019,NewYorkGiants,11,4,49,12.3,40,0,1,1,4,0
jabrill-peppers,2020,NewYorkGiants,15,15,187,12.5,20,0,3,0,14,0
jabrill-peppers,TOTAL,--,55,74,635,8.6,118,0,7,1,55,7
donovan-peoples-jones,2020,ClevelandBrowns,12,18,77,4.3,13,0,0,0,7,0
donovan-peoples-jones,TOTAL,--,12,18,77,4.3,13,0,0,0,7,0
cordarrelle-patterson,2013,MinnesotaVikings,16,0,0,0,0,0,0,0,1,0
cordarrelle-patterson,2014,MinnesotaVikings,16,0,0,0,0,0,0,0,0,0
cordarrelle-patterson,2015,MinnesotaVikings,16,0,0,0,0,0,0,0,0,0
cordarrelle-patterson,2016,MinnesotaVikings,16,1,9,9,9,0,0,0,1,1
cordarrelle-patterson,2017,OaklandRaiders,16,--,--,--,--,--,--,--,--,--
cordarrelle-patterson,2018,NewEnglandPatriots,15,--,--,--,--,--,--,--,--,--
cordarrelle-patterson,2019,ChicagoBears,16,--,--,--,--,--,--,--,--,--
cordarrelle-patterson,2020,ChicagoBears,16,--,--,--,--,--,--,--,--,--
cordarrelle-patterson,TOTAL,--,127,1,9,9,9,0,0,0,2,1
trey-quinn,2018,WashingtonRedskins,3,4,52,13,30,0,1,0,4,0
trey-quinn,2019,WashingtonRedskins,12,16,78,4.9,15,0,0,0,9,0
trey-quinn,2020,JacksonvilleJaguars,1,1,6,6,6,0,0,0,0,0
trey-quinn,TOTAL,--,16,21,136,6.5,51,0,1,0,13,0
brandon-watson,2019,JacksonvilleJaguars,8,--,--,--,--,--,--,--,--,--
brandon-watson,2020,JacksonvilleJaguars,16,1,3,3,3,0,0,0,0,0
brandon-watson,TOTAL,--,24,1,3,3,3,0,0,0,0,0
chris-rowland-2,2020,AtlantaFalcons,2,0,0,0,--,0,0,0,1,0
chris-rowland-2,TOTAL,--,2,0,0,0,0,0,0,0,1,0
chester-rogers,2016,IndianapolisColts,14,13,119,9.2,30,0,2,0,12,1
chester-rogers,2017,IndianapolisColts,11,10,80,8,30,0,1,0,5,0
chester-rogers,2018,IndianapolisColts,16,23,215,9.4,51,0,3,1,28,1
chester-rogers,2019,IndianapolisColts,12,14,137,9.8,21,0,1,0,17,1
chester-rogers,2020,TennesseeTitans,--,--,--,--,--,--,--,--,--,--
chester-rogers,TOTAL,--,53,60,551,9.2,132,0,7,1,62,3
dominique-rodgers-cromartie,2008,ArizonaCardinals,16,0,0,0,0,0,0,0,0,0
dominique-rodgers-cromartie,2009,ArizonaCardinals,16,0,0,0,0,0,0,0,0,0
dominique-rodgers-cromartie,2010,ArizonaCardinals,16,1,0,0,0,0,0,0,0,1
dominique-rodgers-cromartie,2011,PhiladelphiaEagles,13,0,-2,0,-2,0,0,0,0,0
dominique-rodgers-cromartie,2012,PhiladelphiaEagles,16,0,0,0,0,0,0,0,0,0
dominique-rodgers-cromartie,2013,DenverBroncos,15,0,0,0,0,0,0,0,0,0
dominique-rodgers-cromartie,2014,NewYorkGiants,16,0,0,0,0,0,0,0,0,0
dominique-rodgers-cromartie,2015,NewYorkGiants,15,0,0,0,0,0,0,0,0,0
dominique-rodgers-cromartie,2016,NewYorkGiants,15,0,0,0,0,0,0,0,0,0
dominique-rodgers-cromartie,2017,NewYorkGiants,15,--,--,--,--,--,--,--,--,--
dominique-rodgers-cromartie,2018,OaklandRaiders,7,1,0,0,0,0,0,0,0,0
dominique-rodgers-cromartie,2019,WashingtonRedskins,2,--,--,--,--,--,--,--,--,--
dominique-rodgers-cromartie,TOTAL,--,162,2,-2,-1,-2,0,0,0,0,1
isaiah-rodgers,2020,IndianapolisColts,13,1,12,12,12,0,0,0,1,0
isaiah-rodgers,TOTAL,--,13,1,12,12,12,0,0,0,1,0
patrick-robinson,2010,NewOrleansSaints,11,0,0,0,0,0,0,0,0,0
patrick-robinson,2011,NewOrleansSaints,15,0,0,0,0,0,0,0,0,0
patrick-robinson,2012,NewOrleansSaints,16,0,0,0,0,0,0,0,1,0
patrick-robinson,2013,NewOrleansSaints,2,0,0,0,0,0,0,0,0,0
patrick-robinson,2014,NewOrleansSaints,14,0,0,0,0,0,0,0,0,0
patrick-robinson,2015,SanDiegoChargers,16,0,0,0,0,0,0,0,0,0
patrick-robinson,2016,IndianapolisColts,7,0,0,0,0,0,0,0,0,0
patrick-robinson,2017,PhiladelphiaEagles,16,--,--,--,--,--,--,--,--,--
patrick-robinson,2018,NewOrleansSaints,3,--,--,--,--,--,--,--,--,--
patrick-robinson,2019,NewOrleansSaints,11,--,--,--,--,--,--,--,--,--
patrick-robinson,2020,NewOrleansSaints,12,--,--,--,--,--,--,--,--,--
patrick-robinson,TOTAL,--,123,0,0,0,0,0,0,0,1,0
demarcus-robinson,2016,KansasCityChiefs,16,0,0,0,0,0,0,0,0,0
demarcus-robinson,2017,KansasCityChiefs,16,1,-4,-4,-4,0,0,0,1,0
demarcus-robinson,2018,KansasCityChiefs,16,1,0,0,0,0,0,0,0,0
demarcus-robinson,2019,KansasCityChiefs,16,--,--,--,--,--,--,--,--,--
demarcus-robinson,2020,KansasCityChiefs,16,2,-13,-6.5,0,0,0,0,1,1
demarcus-robinson,TOTAL,--,80,4,-17,-4.3,-4,0,0,0,2,1
darryl-roberts,2016,NewYorkJets,12,1,0,0,0,0,0,0,0,1
darryl-roberts,2017,NewYorkJets,15,--,--,--,--,--,--,--,--,--
darryl-roberts,2018,NewYorkJets,16,--,--,--,--,--,--,--,--,--
darryl-roberts,2019,NewYorkJets,13,--,--,--,--,--,--,--,--,--
darryl-roberts,2020,DetroitLions,11,--,--,--,--,--,--,--,--,--
darryl-roberts,TOTAL,--,67,1,0,0,0,0,0,0,0,1
andre-roberts,2010,ArizonaCardinals,15,35,263,7.5,25,0,2,0,8,1
andre-roberts,2011,ArizonaCardinals,16,2,-3,-1.5,-1,0,0,0,0,0
andre-roberts,2012,ArizonaCardinals,15,3,15,5,10,0,0,0,0,0
andre-roberts,2013,ArizonaCardinals,16,0,0,0,0,0,0,0,0,0
andre-roberts,2014,WashingtonRedskins,16,28,208,7.4,37,0,3,0,25,2
andre-roberts,2015,WashingtonRedskins,9,0,0,0,0,0,0,0,0,0
andre-roberts,2016,DetroitLions,16,20,246,12.3,85,2,3,2,16,2
andre-roberts,2017,AtlantaFalcons,16,27,201,7.4,27,0,1,0,21,2
andre-roberts,2018,NewYorkJets,16,23,324,14.1,78,1,3,3,27,1
andre-roberts,2019,BuffaloBills,13,28,223,8,22,0,1,0,15,1
andre-roberts,2020,BuffaloBills,15,29,286,9.9,38,0,4,0,12,2
andre-roberts,TOTAL,--,163,195,1763,9,321,3,17,5,124,11
jalen-richard,2016,OaklandRaiders,16,34,306,9,47,0,3,1,5,0
jalen-richard,2017,OaklandRaiders,16,26,155,6,19,0,0,0,13,6
jalen-richard,2018,OaklandRaiders,16,2,3,1.5,3,0,0,0,2,1
jalen-richard,2019,OaklandRaiders,16,6,21,3.5,12,0,0,0,5,1
jalen-richard,2020,LasVegasRaiders,13,--,--,--,--,--,--,--,--,--
jalen-richard,TOTAL,--,77,68,485,7.1,81,0,3,1,25,8
hunter-renfrow,2019,OaklandRaiders,13,5,38,7.6,13,0,0,0,4,1
hunter-renfrow,2020,LasVegasRaiders,16,23,265,11.5,32,0,3,0,10,1
hunter-renfrow,TOTAL,--,29,28,303,10.8,45,0,3,0,14,2
d-j-reed,2018,SanFrancisco49ers,15,--,--,--,--,--,--,--,--,--
d-j-reed,2019,SanFrancisco49ers,16,--,--,--,--,--,--,--,--,--
d-j-reed,2020,SeattleSeahawks,10,10,78,7.8,15,0,0,0,8,1
d-j-reed,TOTAL,--,41,10,78,7.8,15,0,0,0,8,1
jalen-reagor,2020,PhiladelphiaEagles,11,4,94,23.5,73,1,1,1,4,2
jalen-reagor,TOTAL,--,11,4,94,23.5,73,1,1,1,4,2
kalif-raymond,2016,DenverBroncos,4,11,111,10.1,25,0,3,0,9,1
kalif-raymond,2017,NewYorkGiants,8,18,99,5.5,25,0,1,0,9,5
kalif-raymond,2018,TennesseeTitans,--,--,--,--,--,--,--,--,--,--
kalif-raymond,2019,TennesseeTitans,8,4,45,11.3,14,0,0,0,7,0
kalif-raymond,2020,TennesseeTitans,15,23,208,9,40,0,2,1,11,0
kalif-raymond,TOTAL,--,35,56,463,8.3,104,0,6,1,36,6
damarious-randall,2015,GreenBayPackers,15,0,0,0,0,0,0,0,0,0
damarious-randall,2016,GreenBayPackers,10,1,2,2,2,0,0,0,0,0
damarious-randall,2017,GreenBayPackers,14,--,--,--,--,--,--,--,--,--
damarious-randall,2018,ClevelandBrowns,15,--,--,--,--,--,--,--,--,--
damarious-randall,2019,ClevelandBrowns,11,--,--,--,--,--,--,--,--,--
damarious-randall,2020,SeattleSeahawks,10,--,--,--,--,--,--,--,--,--
damarious-randall,TOTAL,--,75,1,2,2,2,0,0,0,0,0
ryan-switzer,2017,DallasCowboys,16,29,256,8.8,83,1,2,1,10,1
ryan-switzer,2018,PittsburghSteelers,16,30,252,8.4,23,0,3,0,26,2
ryan-switzer,2019,PittsburghSteelers,9,8,29,3.6,13,0,0,0,11,1
ryan-switzer,2020,ClevelandBrowns,--,--,--,--,--,--,--,--,--,--
ryan-switzer,TOTAL,--,41,67,537,8,119,1,5,1,47,4
cameron-sutton,2017,PittsburghSteelers,5,--,--,--,--,--,--,--,--,--
cameron-sutton,2018,PittsburghSteelers,15,--,--,--,--,--,--,--,--,--
cameron-sutton,2019,PittsburghSteelers,16,1,8,8,8,0,0,0,1,0
cameron-sutton,2020,PittsburghSteelers,16,--,--,--,--,--,--,--,--,--
cameron-sutton,TOTAL,--,52,1,8,8,8,0,0,0,1,0
chandon-sullivan,2018,PhiladelphiaEagles,5,--,--,--,--,--,--,--,--,--
chandon-sullivan,2019,GreenBayPackers,16,--,--,--,--,--,--,--,--,--
chandon-sullivan,2020,GreenBayPackers,16,0,0,0,--,0,0,0,1,0
chandon-sullivan,TOTAL,--,37,0,0,0,0,0,0,0,1,0
greg-stroman,2018,WashingtonRedskins,15,8,27,3.4,10,0,0,0,13,1
greg-stroman,2019,WashingtonRedskins,1,--,--,--,--,--,--,--,--,--
greg-stroman,2020,WashingtonFootballTeam,4,2,-2,-1,1,0,0,0,0,0
greg-stroman,TOTAL,--,20,10,25,2.5,11,0,0,0,13,1
kenny-stills,2013,NewOrleansSaints,16,0,0,0,0,0,0,0,0,0
kenny-stills,2014,NewOrleansSaints,15,0,0,0,0,0,0,0,0,0
kenny-stills,2015,MiamiDolphins,16,0,0,0,0,0,0,0,0,0
kenny-stills,2016,MiamiDolphins,16,0,0,0,0,0,0,0,0,0
kenny-stills,2017,MiamiDolphins,16,--,--,--,--,--,--,--,--,--
kenny-stills,2018,MiamiDolphins,15,2,6,3,6,0,0,0,1,1
kenny-stills,2019,HoustonTexans,13,--,--,--,--,--,--,--,--,--
kenny-stills,2020,BuffaloBills,10,--,--,--,--,--,--,--,--,--
kenny-stills,TOTAL,--,117,2,6,3,6,0,0,0,1,1
darren-sproles,2005,SanDiegoChargers,15,18,108,6,23,0,1,0,5,1
darren-sproles,2006,SanDiegoChargers,0,0,0,0,0,0,0,0,0,0
darren-sproles,2007,SanDiegoChargers,15,24,229,9.5,45,1,4,1,2,1
darren-sproles,2008,SanDiegoChargers,16,22,249,11.3,43,0,4,1,12,1
darren-sproles,2009,SanDiegoChargers,16,26,183,7,77,1,1,1,12,3
darren-sproles,2010,SanDiegoChargers,16,24,166,6.9,16,0,0,0,11,1
darren-sproles,2011,NewOrleansSaints,16,29,294,10.1,72,1,5,1,19,0
darren-sproles,2012,NewOrleansSaints,13,23,183,8,37,0,3,0,14,0
darren-sproles,2013,NewOrleansSaints,15,29,194,6.7,28,0,2,0,21,1
darren-sproles,2014,PhiladelphiaEagles,15,39,506,13,82,2,6,3,16,2
darren-sproles,2015,PhiladelphiaEagles,16,38,446,11.7,89,2,4,3,18,1
darren-sproles,2016,PhiladelphiaEagles,15,17,224,13.2,66,0,2,2,13,1
darren-sproles,2017,PhiladelphiaEagles,3,1,10,10,10,0,0,0,5,1
darren-sproles,2018,PhiladelphiaEagles,6,10,83,8.3,14,0,0,0,9,0
darren-sproles,2019,PhiladelphiaEagles,6,11,86,7.8,17,0,0,0,7,1
darren-sproles,TOTAL,--,183,311,2961,9.5,619,7,32,12,164,14
diontae-spencer,2019,DenverBroncos,16,26,208,8,42,0,2,1,29,1
diontae-spencer,2020,DenverBroncos,11,16,253,15.8,83,1,3,2,14,2
diontae-spencer,TOTAL,--,27,42,461,11,125,1,5,3,43,3
daniel-sorensen,2014,KansasCityChiefs,9,0,0,0,0,0,0,0,0,0
daniel-sorensen,2015,KansasCityChiefs,16,0,0,0,0,0,0,0,0,0
daniel-sorensen,2016,KansasCityChiefs,16,0,0,0,0,0,0,0,0,0
daniel-sorensen,2017,KansasCityChiefs,15,1,0,0,0,0,0,0,0,1
daniel-sorensen,2018,KansasCityChiefs,7,--,--,--,--,--,--,--,--,--
daniel-sorensen,2019,KansasCityChiefs,16,--,--,--,--,--,--,--,--,--
daniel-sorensen,2020,KansasCityChiefs,15,--,--,--,--,--,--,--,--,--
daniel-sorensen,TOTAL,--,94,1,0,0,0,0,0,0,0,1
willie-snead,2015,NewOrleansSaints,15,0,0,0,0,0,0,0,0,0
willie-snead,2016,NewOrleansSaints,15,0,0,0,0,0,0,0,0,0
willie-snead,2017,NewOrleansSaints,11,1,0,0,0,0,0,0,0,1
willie-snead,2018,BaltimoreRavens,16,--,--,--,--,--,--,--,--,--
willie-snead,2019,BaltimoreRavens,16,--,--,--,--,--,--,--,--,--
willie-snead,2020,BaltimoreRavens,13,--,--,--,--,--,--,--,--,--
willie-snead,TOTAL,--,86,1,0,0,0,0,0,0,0,1
tremon-smith,2018,KansasCityChiefs,14,--,--,--,--,--,--,--,--,--
tremon-smith,2019,PhiladelphiaEagles,8,4,0,0,3,0,0,0,3,1
tremon-smith,2020,IndianapolisColts,10,--,--,--,--,--,--,--,--,--
tremon-smith,TOTAL,--,32,4,0,0,3,0,0,0,3,1
buster-skrine,2011,ClevelandBrowns,16,0,0,0,0,0,0,0,0,0
buster-skrine,2012,ClevelandBrowns,16,0,0,0,0,0,0,0,0,0
buster-skrine,2013,ClevelandBrowns,16,0,0,0,0,0,0,0,0,0
buster-skrine,2014,ClevelandBrowns,16,0,0,0,0,0,0,0,0,0
buster-skrine,2015,NewYorkJets,16,0,0,0,0,0,0,0,0,0
buster-skrine,2016,NewYorkJets,14,1,0,0,0,0,0,0,0,1
buster-skrine,2017,NewYorkJets,15,--,--,--,--,--,--,--,--,--
buster-skrine,2018,NewYorkJets,14,--,--,--,--,--,--,--,--,--
buster-skrine,2019,ChicagoBears,16,--,--,--,--,--,--,--,--,--
buster-skrine,2020,ChicagoBears,12,--,--,--,--,--,--,--,--,--
buster-skrine,TOTAL,--,151,1,0,0,0,0,0,0,0,1
steven-sims,2019,WashingtonRedskins,16,6,26,4.3,11,0,0,0,4,0
steven-sims,2020,WashingtonFootballTeam,12,24,160,6.7,22,0,2,0,19,4
steven-sims,TOTAL,--,28,30,186,6.2,33,0,2,0,23,4
leshaun-sims,2016,TennesseeTitans,13,0,0,0,0,0,0,0,0,0
leshaun-sims,2017,TennesseeTitans,13,--,--,--,--,--,--,--,--,--
leshaun-sims,2018,TennesseeTitans,16,--,--,--,--,--,--,--,--,--
leshaun-sims,2019,TennesseeTitans,14,1,11,11,11,0,0,0,0,0
leshaun-sims,2020,CincinnatiBengals,13,--,--,--,--,--,--,--,--,--
leshaun-sims,TOTAL,--,69,1,11,11,11,0,0,0,0,0
richard-sherman,2011,SeattleSeahawks,16,0,0,0,0,0,0,0,0,0
richard-sherman,2012,SeattleSeahawks,16,0,0,0,0,0,0,0,0,0
richard-sherman,2013,SeattleSeahawks,16,1,-6,-6,-6,0,0,0,0,1
richard-sherman,2014,SeattleSeahawks,16,1,0,0,0,0,0,0,1,0
richard-sherman,2015,SeattleSeahawks,16,1,64,64,64,0,1,1,0,0
richard-sherman,2016,SeattleSeahawks,16,1,6,6,6,0,0,0,6,0
richard-sherman,2017,SeattleSeahawks,9,--,--,--,--,--,--,--,--,--
richard-sherman,2018,SanFrancisco49ers,14,--,--,--,--,--,--,--,--,--
richard-sherman,2019,SanFrancisco49ers,15,--,--,--,--,--,--,--,--,--
richard-sherman,2020,SanFrancisco49ers,5,--,--,--,--,--,--,--,--,--
richard-sherman,TOTAL,--,139,4,64,16,64,0,1,1,7,1
marcus-sherels,2010,MinnesotaVikings,1,0,0,0,0,0,0,0,0,0
marcus-sherels,2011,MinnesotaVikings,16,33,277,8.4,53,0,3,1,20,0
marcus-sherels,2012,MinnesotaVikings,16,32,287,9,77,1,2,1,27,1
marcus-sherels,2013,MinnesotaVikings,16,22,335,15.2,86,1,5,2,27,3
marcus-sherels,2014,MinnesotaVikings,16,27,297,11,35,0,4,0,26,0
marcus-sherels,2015,MinnesotaVikings,16,34,311,9.2,65,1,4,1,15,2
marcus-sherels,2016,MinnesotaVikings,11,21,292,13.9,79,2,5,2,17,1
marcus-sherels,2017,MinnesotaVikings,16,39,372,9.5,46,0,3,1,24,1
marcus-sherels,2018,MinnesotaVikings,12,23,276,12,70,0,6,1,15,0
marcus-sherels,2019,MinnesotaVikings,8,12,56,4.7,15,0,0,0,7,1
marcus-sherels,TOTAL,--,128,243,2503,10.3,526,5,32,9,178,9
darrius-shepherd,2019,GreenBayPackers,6,2,-9,-4.5,0,0,0,0,11,1
darrius-shepherd,2020,GreenBayPackers,8,1,6,6,6,0,0,0,8,0
darrius-shepherd,TOTAL,--,14,3,-3,-1,6,0,0,0,19,1
da-mari-scott,2018,BuffaloBills,3,--,--,--,--,--,--,--,--,--
da-mari-scott,2019,NewYorkGiants,5,6,32,5.3,12,0,0,0,1,0
da-mari-scott,2020,NewYorkGiants,--,--,--,--,--,--,--,--,--,--
da-mari-scott,TOTAL,--,8,6,32,5.3,12,0,0,0,1,0
boston-scott,2018,PhiladelphiaEagles,2,--,--,--,--,--,--,--,--,--
boston-scott,2019,PhiladelphiaEagles,11,6,43,7.2,13,0,0,0,4,1
boston-scott,2020,PhiladelphiaEagles,16,--,--,--,--,--,--,--,--,--
boston-scott,TOTAL,--,29,6,43,7.2,13,0,0,0,4,1
spencer-schnell,2019,TampaBayBuccaneers,1,2,3,1.5,2,0,0,0,2,0
spencer-schnell,TOTAL,--,1,2,3,1.5,2,0,0,0,2,0
mohamed-sanu,2012,CincinnatiBengals,9,0,0,0,0,0,0,0,0,0
mohamed-sanu,2013,CincinnatiBengals,16,0,0,0,0,0,0,0,0,0
mohamed-sanu,2014,CincinnatiBengals,16,0,0,0,0,0,0,0,0,0
mohamed-sanu,2015,CincinnatiBengals,16,0,0,0,0,0,0,0,0,0
mohamed-sanu,2016,AtlantaFalcons,15,0,0,0,0,0,0,0,0,0
mohamed-sanu,2017,AtlantaFalcons,15,--,--,--,--,--,--,--,--,--
mohamed-sanu,2018,AtlantaFalcons,16,--,--,--,--,--,--,--,--,--
mohamed-sanu,2019,NewEnglandPatriots,15,10,56,5.6,14,0,0,0,9,0
mohamed-sanu,2020,DetroitLions,10,--,--,--,--,--,--,--,--,--
mohamed-sanu,TOTAL,--,128,10,56,5.6,14,0,0,0,9,0
emmanuel-sanders,2010,PittsburghSteelers,13,4,60,15,38,0,1,0,1,0
emmanuel-sanders,2011,PittsburghSteelers,11,3,22,7.3,10,0,0,0,0,0
emmanuel-sanders,2012,PittsburghSteelers,16,9,93,10.3,63,0,1,1,9,1
emmanuel-sanders,2013,PittsburghSteelers,16,0,0,0,0,0,0,0,0,0
emmanuel-sanders,2014,DenverBroncos,16,1,11,11,11,0,0,0,1,0
emmanuel-sanders,2015,DenverBroncos,15,17,103,6.1,14,0,0,0,20,1
emmanuel-sanders,2016,DenverBroncos,16,0,0,0,0,0,0,0,0,0
emmanuel-sanders,2017,DenverBroncos,12,2,-2,-1,3,0,0,0,0,0
emmanuel-sanders,2018,DenverBroncos,12,--,--,--,--,--,--,--,--,--
emmanuel-sanders,2019,SanFrancisco49ers,17,--,--,--,--,--,--,--,--,--
emmanuel-sanders,2020,NewOrleansSaints,14,--,--,--,--,--,--,--,--,--
emmanuel-sanders,TOTAL,--,158,36,287,8,139,0,2,1,31,2
jaylen-samuels,2018,PittsburghSteelers,14,1,0,0,0,0,0,0,0,1
jaylen-samuels,2019,PittsburghSteelers,14,--,--,--,--,--,--,--,--,--
jaylen-samuels,2020,PittsburghSteelers,14,--,--,--,--,--,--,--,--,--
jaylen-samuels,TOTAL,--,42,1,0,0,0,0,0,0,0,1
chris-thompson,2013,WashingtonRedskins,4,7,36,5.1,11,0,0,0,1,0
chris-thompson,2014,WashingtonRedskins,2,0,0,0,0,0,0,0,0,0
chris-thompson,2015,WashingtonRedskins,13,0,0,0,0,0,0,0,0,0
chris-thompson,2016,WashingtonRedskins,16,0,0,0,0,0,0,0,0,0
chris-thompson,2017,WashingtonRedskins,10,--,--,--,--,--,--,--,--,--
chris-thompson,2018,WashingtonRedskins,10,--,--,--,--,--,--,--,--,--
chris-thompson,2019,WashingtonRedskins,11,--,--,--,--,--,--,--,--,--
chris-thompson,2020,JacksonvilleJaguars,8,--,--,--,--,--,--,--,--,--
chris-thompson,TOTAL,--,74,7,36,5.1,11,0,0,0,1,0
mike-thomas-2,2016,LosAngelesRams,15,0,0,0,0,0,0,0,0,0
mike-thomas-2,2017,LosAngelesRams,8,--,--,--,--,--,--,--,--,--
mike-thomas-2,2018,LosAngelesRams,1,--,--,--,--,--,--,--,--,--
mike-thomas-2,2019,LosAngelesRams,16,1,3,3,3,0,0,0,0,0
mike-thomas-2,2020,CincinnatiBengals,14,--,--,--,--,--,--,--,--,--
mike-thomas-2,TOTAL,--,54,1,3,3,3,0,0,0,0,0
earl-thomas,2010,SeattleSeahawks,16,0,0,0,0,0,0,0,0,0
earl-thomas,2011,SeattleSeahawks,16,0,0,0,0,0,0,0,0,0
earl-thomas,2012,SeattleSeahawks,16,0,0,0,0,0,0,0,0,0
earl-thomas,2013,SeattleSeahawks,16,0,0,0,0,0,0,0,0,0
earl-thomas,2014,SeattleSeahawks,16,2,3,1.5,3,0,0,0,0,1
earl-thomas,2015,SeattleSeahawks,16,0,0,0,0,0,0,0,0,0
earl-thomas,2016,SeattleSeahawks,11,0,0,0,0,0,0,0,0,0
earl-thomas,2017,SeattleSeahawks,14,--,--,--,--,--,--,--,--,--
earl-thomas,2018,SeattleSeahawks,4,--,--,--,--,--,--,--,--,--
earl-thomas,2019,BaltimoreRavens,15,--,--,--,--,--,--,--,--,--
earl-thomas,TOTAL,--,140,2,3,1.5,3,0,0,0,0,1
de-anthony-thomas,2014,KansasCityChiefs,12,34,405,11.9,81,1,7,2,0,0
de-anthony-thomas,2015,KansasCityChiefs,10,29,227,7.8,37,0,2,0,2,2
de-anthony-thomas,2016,KansasCityChiefs,12,0,0,0,0,0,0,0,0,0
de-anthony-thomas,2017,KansasCityChiefs,16,8,20,2.5,8,0,0,0,0,1
de-anthony-thomas,2018,KansasCityChiefs,5,1,48,48,48,0,1,1,0,1
de-anthony-thomas,2019,BaltimoreRavens,14,26,148,5.7,20,0,1,0,8,3
de-anthony-thomas,2020,BaltimoreRavens,--,--,--,--,--,--,--,--,--,--
de-anthony-thomas,TOTAL,--,69,98,848,8.7,194,1,11,3,10,7
chris-david-thompson,2017,HoustonTexans,13,6,39,6.5,15,0,0,0,0,2
chris-david-thompson,2019,SanFrancisco49ers,--,--,--,--,--,--,--,--,--,--
chris-david-thompson,2020,SanFrancisco49ers,--,--,--,--,--,--,--,--,--,--
chris-david-thompson,TOTAL,--,13,6,39,6.5,15,0,0,0,0,2
adam-thielen,2014,MinnesotaVikings,16,0,0,0,0,0,0,0,0,0
adam-thielen,2015,MinnesotaVikings,16,0,0,0,0,0,0,0,0,0
adam-thielen,2016,MinnesotaVikings,16,6,8,1.3,9,0,0,0,3,1
adam-thielen,2017,MinnesotaVikings,16,--,--,--,--,--,--,--,--,--
adam-thielen,2018,MinnesotaVikings,16,0,0,0,--,0,0,0,1,0
adam-thielen,2019,MinnesotaVikings,10,--,--,--,--,--,--,--,--,--
adam-thielen,2020,MinnesotaVikings,15,--,--,--,--,--,--,--,--,--
adam-thielen,TOTAL,--,105,6,8,1.3,9,0,0,0,4,1
trent-taylor,2017,SanFrancisco49ers,15,30,281,9.4,39,0,2,0,16,1
trent-taylor,2018,SanFrancisco49ers,14,10,78,7.8,18,0,0,0,6,1
trent-taylor,2019,SanFrancisco49ers,0,--,--,--,--,--,--,--,--,--
trent-taylor,2020,SanFrancisco49ers,12,9,112,12.4,20,0,1,0,14,0
trent-taylor,TOTAL,--,41,49,471,9.6,77,0,3,0,36,2
j-j-taylor,2020,NewEnglandPatriots,6,1,11,11,11,0,0,0,0,0
j-j-taylor,TOTAL,--,6,1,11,11,11,0,0,0,0,0
golden-tate,2010,SeattleSeahawks,11,16,202,12.6,63,0,3,1,6,1
golden-tate,2011,SeattleSeahawks,16,1,0,0,0,0,0,0,0,0
golden-tate,2012,SeattleSeahawks,15,0,0,0,0,0,0,0,1,0
golden-tate,2013,SeattleSeahawks,16,51,585,11.5,71,0,8,1,14,1
golden-tate,2014,DetroitLions,16,0,0,0,0,0,0,0,0,0
golden-tate,2015,DetroitLions,16,20,149,7.5,23,0,2,0,14,0
golden-tate,2016,DetroitLions,16,0,0,0,0,0,0,0,0,0
golden-tate,2017,DetroitLions,16,2,23,11.5,13,0,0,0,2,0
golden-tate,2018,PhiladelphiaEagles,15,7,28,4,12,0,0,0,0,1
golden-tate,2019,NewYorkGiants,11,10,97,9.7,17,0,0,0,7,0
golden-tate,2020,NewYorkGiants,12,4,35,8.8,15,0,0,0,2,0
golden-tate,TOTAL,--,160,111,1119,10.1,214,0,13,2,46,3
aqib-m-talib,2008,TampaBayBuccaneers,15,1,0,0,0,0,0,0,0,0
aqib-m-talib,2009,TampaBayBuccaneers,15,0,0,0,0,0,0,0,0,0
aqib-m-talib,2010,TampaBayBuccaneers,11,0,0,0,0,0,0,0,0,0
aqib-m-talib,2011,TampaBayBuccaneers,13,0,0,0,0,0,0,0,0,0
aqib-m-talib,2012,NewEnglandPatriots,10,0,0,0,0,0,0,0,0,0
aqib-m-talib,2013,NewEnglandPatriots,13,0,0,0,0,0,0,0,0,0
aqib-m-talib,2014,DenverBroncos,15,0,0,0,0,0,0,0,0,0
aqib-m-talib,2015,DenverBroncos,15,0,0,0,0,0,0,0,0,0
aqib-m-talib,2016,DenverBroncos,13,1,1,1,1,0,0,0,0,0
aqib-m-talib,2017,DenverBroncos,15,--,--,--,--,--,--,--,--,--
aqib-m-talib,2018,LosAngelesRams,8,--,--,--,--,--,--,--,--,--
aqib-m-talib,2019,MiamiDolphins,5,--,--,--,--,--,--,--,--,--
aqib-m-talib,TOTAL,--,148,2,1,0.5,1,0,0,0,0,0
isaiah-wright,2020,WashingtonFootballTeam,14,4,15,3.8,13,0,0,0,3,3
isaiah-wright,TOTAL,--,14,4,15,3.8,13,0,0,0,3,3
robert-woods,2013,BuffaloBills,14,0,0,0,0,0,0,0,0,0
robert-woods,2014,BuffaloBills,16,1,11,11,11,0,0,0,0,0
robert-woods,2015,BuffaloBills,14,0,0,0,0,0,0,0,0,0
robert-woods,2016,BuffaloBills,13,0,0,0,0,0,0,0,0,0
robert-woods,2017,LosAngelesRams,12,--,--,--,--,--,--,--,--,--
robert-woods,2018,LosAngelesRams,16,0,0,0,--,0,0,0,1,0
robert-woods,2019,LosAngelesRams,15,--,--,--,--,--,--,--,--,--
robert-woods,2020,LosAngelesRams,16,--,--,--,--,--,--,--,--,--
robert-woods,TOTAL,--,116,1,11,11,11,0,0,0,1,0
ced-wilson,2018,DallasCowboys,--,--,--,--,--,--,--,--,--,--
ced-wilson,2019,DallasCowboys,6,2,13,6.5,13,0,0,0,2,0
ced-wilson,2020,DallasCowboys,16,5,20,4,10,0,0,0,5,0
ced-wilson,TOTAL,--,22,7,33,4.7,23,0,0,0,7,0
vince-williams,2013,PittsburghSteelers,15,0,0,0,0,0,0,0,0,0
vince-williams,2014,PittsburghSteelers,16,1,0,0,0,0,0,0,0,0
vince-williams,2015,PittsburghSteelers,16,0,0,0,0,0,0,0,0,0
vince-williams,2016,PittsburghSteelers,16,0,0,0,0,0,0,0,0,0
vince-williams,2017,PittsburghSteelers,16,--,--,--,--,--,--,--,--,--
vince-williams,2018,PittsburghSteelers,14,--,--,--,--,--,--,--,--,--
vince-williams,2019,PittsburghSteelers,14,--,--,--,--,--,--,--,--,--
vince-williams,2020,PittsburghSteelers,14,--,--,--,--,--,--,--,--,--
vince-williams,TOTAL,--,121,1,0,0,0,0,0,0,0,0
tramon-williams,2006,GreenBayPackers,0,0,0,0,0,0,0,0,0,0
tramon-williams,2007,GreenBayPackers,16,6,118,19.7,94,1,1,1,0,0
tramon-williams,2008,GreenBayPackers,16,0,0,0,0,0,0,0,0,0
tramon-williams,2009,GreenBayPackers,16,13,135,10.4,45,0,2,1,5,0
tramon-williams,2010,GreenBayPackers,16,41,326,8,52,0,3,2,19,2
tramon-williams,2011,GreenBayPackers,15,0,0,0,0,0,0,0,0,0
tramon-williams,2012,GreenBayPackers,16,0,0,0,0,0,0,0,0,0
tramon-williams,2013,GreenBayPackers,16,0,0,0,0,0,0,0,0,0
tramon-williams,2014,GreenBayPackers,16,0,0,0,0,0,0,0,0,0
tramon-williams,2015,ClevelandBrowns,15,1,1,1,1,0,0,0,0,0
tramon-williams,2016,ClevelandBrowns,12,1,0,0,0,0,0,0,4,1
tramon-williams,2017,ArizonaCardinals,13,--,--,--,--,--,--,--,--,--
tramon-williams,2018,GreenBayPackers,16,12,83,6.9,23,0,1,0,10,3
tramon-williams,2019,GreenBayPackers,16,--,--,--,--,--,--,--,--,--
tramon-williams,2020,GreenBayPackers,6,--,--,--,--,--,--,--,--,--
tramon-williams,TOTAL,--,205,74,663,9,215,1,7,4,38,6
preston-williams,2019,MiamiDolphins,8,10,115,11.5,21,0,1,0,5,0
preston-williams,2020,MiamiDolphins,8,--,--,--,--,--,--,--,--,--
preston-williams,TOTAL,--,16,10,115,11.5,21,0,1,0,5,0
k-waun-williams,2014,ClevelandBrowns,13,1,0,0,0,0,0,0,0,0
k-waun-williams,2015,ClevelandBrowns,13,0,0,0,0,0,0,0,0,0
k-waun-williams,2017,SanFrancisco49ers,14,--,--,--,--,--,--,--,--,--
k-waun-williams,2018,SanFrancisco49ers,14,--,--,--,--,--,--,--,--,--
k-waun-williams,2019,SanFrancisco49ers,15,--,--,--,--,--,--,--,--,--
k-waun-williams,2020,SanFrancisco49ers,8,--,--,--,--,--,--,--,--,--
k-waun-williams,TOTAL,--,77,1,0,0,0,0,0,0,0,0
tim-white,2018,BaltimoreRavens,3,9,75,8.3,14,0,0,0,6,1
tim-white,2019,NewOrleansSaints,--,--,--,--,--,--,--,--,--,--
tim-white,TOTAL,--,3,9,75,8.3,14,0,0,0,6,1
deandrew-white,2015,SanFrancisco49ers,4,1,4,4,4,0,0,0,0,0
deandrew-white,2017,HoustonTexans,2,4,3,0.8,3,0,0,0,1,1
deandrew-white,2018,CarolinaPanthers,--,--,--,--,--,--,--,--,--,--
deandrew-white,2019,CarolinaPanthers,10,--,--,--,--,--,--,--,--,--
deandrew-white,2020,BaltimoreRavens,--,--,--,--,--,--,--,--,--,--
deandrew-white,TOTAL,--,16,5,7,1.4,7,0,0,0,1,1
dede-westbrook,2017,JacksonvilleJaguars,7,1,19,19,19,0,0,0,0,0
dede-westbrook,2018,JacksonvilleJaguars,16,19,266,14,74,1,6,2,13,1
dede-westbrook,2019,JacksonvilleJaguars,15,23,132,5.7,43,0,2,1,18,1
dede-westbrook,2020,JacksonvilleJaguars,2,4,44,11,13,0,0,0,1,0
dede-westbrook,TOTAL,--,40,47,461,9.8,149,1,8,3,32,2
nsimba-webster,2019,LosAngelesRams,5,7,18,2.6,14,0,0,0,6,1
nsimba-webster,2020,LosAngelesRams,16,25,185,7.4,34,0,1,0,17,3
nsimba-webster,TOTAL,--,21,32,203,6.3,48,0,1,0,23,4
ken-webster,2019,MiamiDolphins,8,--,--,--,--,--,--,--,--,--
ken-webster,2020,SanFrancisco49ers,9,1,0,0,0,0,0,0,0,1
ken-webster,TOTAL,--,17,1,0,0,0,0,0,0,0,1
justin-watson,2018,TampaBayBuccaneers,12,--,--,--,--,--,--,--,--,--
justin-watson,2019,TampaBayBuccaneers,16,2,3,1.5,7,0,0,0,5,0
justin-watson,2020,TampaBayBuccaneers,11,--,--,--,--,--,--,--,--,--
justin-watson,TOTAL,--,39,2,3,1.5,7,0,0,0,5,0
greg-ward,2018,PhiladelphiaEagles,--,--,--,--,--,--,--,--,--,--
greg-ward,2019,PhiladelphiaEagles,7,7,24,3.4,16,0,0,0,12,0
greg-ward,2020,PhiladelphiaEagles,16,21,134,6.4,22,0,1,0,22,1
greg-ward,TOTAL,--,23,28,158,5.6,38,0,1,0,34,1
michael-walker,2019,JacksonvilleJaguars,7,3,13,4.3,7,0,0,0,0,0
michael-walker,TOTAL,--,7,3,13,4.3,7,0,0,0,0,0
brandon-zylstra,2018,MinnesotaVikings,16,4,26,6.5,9,0,0,0,4,0
brandon-zylstra,2019,CarolinaPanthers,8,1,0,0,0,0,0,0,1,1
brandon-zylstra,2020,CarolinaPanthers,16,--,--,--,--,--,--,--,--,--
brandon-zylstra,TOTAL,--,40,5,26,5.2,9,0,0,0,5,1
