Player_Id,Year,Team,Games_Played,Punts,Yards,Long,Average,Punts_Blocked,Returns,Return_Yards,Punts_In_20,Net_Average
bryan-anger,2012,JacksonvilleJaguars,16,91,4353,73,47.8,1,40,495,31,41.3
bryan-anger,2013,JacksonvilleJaguars,16,95,4338,61,45.7,0,47,330,31,40.5
bryan-anger,2014,JacksonvilleJaguars,16,94,4464,69,47.5,2,52,464,25,40.4
bryan-anger,2015,JacksonvilleJaguars,16,80,3700,63,46.3,0,45,462,26,39.5
bryan-anger,2016,TampaBayBuccaneers,16,70,3215,59,45.9,0,24,128,37,42.7
bryan-anger,2017,TampaBayBuccaneers,16,65,2857,62,44,1,27,153,24,40.1
bryan-anger,2018,TampaBayBuccaneers,16,57,2567,64,45,1,27,231,15,39.6
bryan-anger,2019,HoustonTexans,14,45,2094,71,46.5,0,17,53,24,44.5
bryan-anger,2020,HoustonTexans,16,54,2505,67,46.4,0,19,128,19,41.8
bryan-anger,TOTAL,--,142,651,30093,589,46.2,5,298,2444,232,41.2
ryan-allen,2013,NewEnglandPatriots,16,76,3491,65,45.9,0,29,221,29,39.9
ryan-allen,2014,NewEnglandPatriots,16,66,3060,67,46.4,1,29,267,25,40.5
ryan-allen,2015,NewEnglandPatriots,16,73,3358,67,46,1,39,347,31,40.4
ryan-allen,2016,NewEnglandPatriots,16,72,3217,57,44.7,0,27,134,23,41.4
ryan-allen,2017,NewEnglandPatriots,16,58,2515,60,43.4,0,23,105,24,40.5
ryan-allen,2018,NewEnglandPatriots,16,64,2885,66,45.1,0,25,255,21,39.5
ryan-allen,2019,AtlantaFalcons,8,28,1172,59,41.9,0,8,62,14,37.5
ryan-allen,2020,IndianapolisColts,3,14,680,65,48.6,0,10,100,2,38.6
ryan-allen,TOTAL,--,107,451,20378,506,45.2,2,190,1491,169,39.8
tom-brady,2000,NewEnglandPatriots,1,0,0,0,0,0,0,0,0,0
tom-brady,2001,NewEnglandPatriots,15,0,0,0,0,0,0,0,0,0
tom-brady,2002,NewEnglandPatriots,16,0,0,0,0,0,0,0,0,0
tom-brady,2003,NewEnglandPatriots,16,1,36,36,36,0,0,0,1,36
tom-brady,2004,NewEnglandPatriots,16,0,0,0,0,0,0,0,0,0
tom-brady,2005,NewEnglandPatriots,16,0,0,0,0,0,0,0,0,0
tom-brady,2006,NewEnglandPatriots,16,0,0,0,0,0,0,0,0,0
tom-brady,2007,NewEnglandPatriots,16,0,0,0,0,0,0,0,0,0
tom-brady,2008,NewEnglandPatriots,1,0,0,0,0,0,0,0,0,0
tom-brady,2009,NewEnglandPatriots,16,0,0,0,0,0,0,0,0,0
tom-brady,2010,NewEnglandPatriots,16,0,0,0,0,0,0,0,0,0
tom-brady,2011,NewEnglandPatriots,16,0,0,0,0,0,0,0,0,0
tom-brady,2012,NewEnglandPatriots,16,0,0,0,0,0,0,0,0,0
tom-brady,2013,NewEnglandPatriots,16,1,32,32,32,0,0,0,0,32
tom-brady,2014,NewEnglandPatriots,16,0,0,0,0,0,0,0,0,0
tom-brady,2015,NewEnglandPatriots,16,0,0,0,0,0,0,0,0,0
tom-brady,2016,NewEnglandPatriots,12,0,0,0,0,0,0,0,0,0
tom-brady,2017,NewEnglandPatriots,16,--,--,--,--,--,--,--,--,--
tom-brady,2018,NewEnglandPatriots,16,--,--,--,--,--,--,--,--,--
tom-brady,2019,NewEnglandPatriots,16,--,--,--,--,--,--,--,--,--
tom-brady,2020,TampaBayBuccaneers,16,--,--,--,--,--,--,--,--,--
tom-brady,TOTAL,--,301,2,68,68,34,0,0,0,1,3.8
matt-bosher,2011,AtlantaFalcons,16,70,2990,59,42.7,1,31,150,27,39.4
matt-bosher,2012,AtlantaFalcons,16,60,2847,63,47.5,2,26,241,22,42.1
matt-bosher,2013,AtlantaFalcons,16,68,3166,63,46.6,2,33,251,26,42.3
matt-bosher,2014,AtlantaFalcons,16,67,3063,66,45.7,0,26,250,27,40.8
matt-bosher,2015,AtlantaFalcons,16,58,2735,69,47.2,1,28,272,24,41.1
matt-bosher,2016,AtlantaFalcons,15,44,2060,68,46.8,0,21,209,21,41.6
matt-bosher,2017,AtlantaFalcons,16,53,2379,62,44.9,0,22,179,19,40.8
matt-bosher,2018,AtlantaFalcons,16,60,2729,57,45.5,2,27,184,22,41.4
matt-bosher,2019,AtlantaFalcons,3,9,377,52,41.9,1,2,10,2,40.8
matt-bosher,TOTAL,--,130,489,22346,559,45.7,9,216,1746,190,41.1
corey-bojorquez,2018,BuffaloBills,8,45,2028,60,45.1,1,20,137,22,40.2
corey-bojorquez,2019,BuffaloBills,16,79,3313,67,41.9,1,18,157,34,38.2
corey-bojorquez,2020,BuffaloBills,16,41,2082,72,50.8,0,16,138,18,44
corey-bojorquez,TOTAL,--,40,165,7423,199,45,2,54,432,74,40.8
jordan-berry,2015,PittsburghSteelers,16,59,2511,79,42.6,0,19,165,28,39.1
jordan-berry,2016,PittsburghSteelers,16,68,3100,64,45.6,1,28,269,25,40.8
jordan-berry,2017,PittsburghSteelers,16,64,2763,62,43.2,0,23,177,26,39.8
jordan-berry,2018,PittsburghSteelers,16,63,2753,69,43.7,0,16,227,28,38.8
jordan-berry,2019,PittsburghSteelers,16,74,3368,69,45.5,0,29,265,24,40.9
jordan-berry,2020,PittsburghSteelers,11,57,2609,62,45.8,0,21,242,23,40.5
jordan-berry,TOTAL,--,91,385,17104,405,44.4,1,136,1345,154,40
jake-bailey,2019,NewEnglandPatriots,16,81,3638,65,44.9,0,28,175,36,41.3
jake-bailey,2020,NewEnglandPatriots,16,55,2678,71,48.7,0,12,71,31,45.6
jake-bailey,TOTAL,--,32,136,6316,136,46.4,0,40,246,67,43.5
dan-bailey,2011,DallasCowboys,16,2,79,41,39.5,0,1,5,0,37
dan-bailey,2012,DallasCowboys,16,0,0,0,0,0,0,0,0,0
dan-bailey,2013,DallasCowboys,16,0,0,0,0,0,0,0,0,0
dan-bailey,2014,DallasCowboys,16,0,0,0,0,0,0,0,0,0
dan-bailey,2015,DallasCowboys,16,0,0,0,0,0,0,0,0,0
dan-bailey,2016,DallasCowboys,16,0,0,0,0,0,0,0,0,0
dan-bailey,2017,DallasCowboys,12,--,--,--,--,--,--,--,--,--
dan-bailey,2018,MinnesotaVikings,14,--,--,--,--,--,--,--,--,--
dan-bailey,2019,MinnesotaVikings,16,--,--,--,--,--,--,--,--,--
dan-bailey,2020,MinnesotaVikings,16,--,--,--,--,--,--,--,--,--
dan-bailey,TOTAL,--,154,2,79,41,39.5,0,1,5,0,5.3
logan-cooke,2018,JacksonvilleJaguars,16,86,3872,72,45,0,37,184,37,41.3
logan-cooke,2019,JacksonvilleJaguars,16,75,3507,66,46.8,0,24,127,25,44.5
logan-cooke,2020,JacksonvilleJaguars,14,56,2669,67,47.7,0,21,148,19,43.2
logan-cooke,TOTAL,--,46,217,10048,205,46.3,0,82,459,81,43
dustin-colquitt,2005,KansasCityChiefs,16,65,2564,62,39.5,0,23,179,27,35.2
dustin-colquitt,2006,KansasCityChiefs,16,71,3145,72,44.3,0,32,254,23,39.3
dustin-colquitt,2007,KansasCityChiefs,16,95,4322,81,45.5,1,50,387,27,39.5
dustin-colquitt,2008,KansasCityChiefs,14,70,3110,73,44.4,0,28,209,27,39.2
dustin-colquitt,2009,KansasCityChiefs,16,96,4361,70,45.4,1,40,285,41,41.2
dustin-colquitt,2010,KansasCityChiefs,16,88,3908,72,44.4,1,42,361,33,38
dustin-colquitt,2011,KansasCityChiefs,16,89,4084,68,45.9,0,36,411,27,40.2
dustin-colquitt,2012,KansasCityChiefs,16,83,3887,71,46.8,0,27,362,45,40.8
dustin-colquitt,2013,KansasCityChiefs,16,87,4005,65,46,1,38,246,35,40.7
dustin-colquitt,2014,KansasCityChiefs,16,71,3164,69,44.6,0,29,190,31,40.5
dustin-colquitt,2015,KansasCityChiefs,16,75,3333,62,44.4,0,26,170,37,40.8
dustin-colquitt,2016,KansasCityChiefs,16,76,3427,64,45.1,0,30,157,38,40.7
dustin-colquitt,2017,KansasCityChiefs,16,65,2936,77,45.2,0,24,164,29,41.1
dustin-colquitt,2018,KansasCityChiefs,16,45,2021,67,44.9,0,17,97,21,40.5
dustin-colquitt,2019,KansasCityChiefs,16,48,2126,68,44.3,1,19,89,21,41.2
dustin-colquitt,2020,KansasCityChiefs,6,26,1133,59,43.6,0,14,103,8,38.1
dustin-colquitt,TOTAL,--,244,1150,51526,1100,44.8,5,475,3664,470,39.8
britton-colquitt,2009,DenverBroncos,0,0,0,0,0,0,0,0,0,0
britton-colquitt,2010,DenverBroncos,16,86,3835,63,44.6,0,50,550,19,36.6
britton-colquitt,2011,DenverBroncos,16,101,4783,66,47.4,0,51,585,33,40.2
britton-colquitt,2012,DenverBroncos,16,67,3105,67,46.3,0,33,203,27,42.1
britton-colquitt,2013,DenverBroncos,16,65,2893,60,44.5,1,28,274,23,39.4
britton-colquitt,2014,DenverBroncos,16,69,3048,65,44.2,0,33,371,25,37.6
britton-colquitt,2015,DenverBroncos,16,84,3663,62,43.6,0,36,247,22,39.7
britton-colquitt,2016,ClevelandBrowns,16,83,3761,65,45.3,0,45,376,22,40.3
britton-colquitt,2017,ClevelandBrowns,16,80,3811,67,47.6,1,45,482,24,41.1
britton-colquitt,2018,ClevelandBrowns,16,83,3767,79,45.4,2,37,397,32,39.2
britton-colquitt,2019,MinnesotaVikings,16,62,2802,59,45.2,0,23,158,24,42.7
britton-colquitt,2020,MinnesotaVikings,16,54,2435,59,45.1,2,33,321,11,38
britton-colquitt,TOTAL,--,176,834,37903,712,45.5,6,414,3964,262,36.4
a-j-cole,2019,OaklandRaiders,16,67,3081,74,46,0,30,318,33,39.5
a-j-cole,2020,LasVegasRaiders,16,44,1939,63,44.1,0,14,133,20,40.1
a-j-cole,TOTAL,--,32,111,5020,137,45.2,0,44,451,53,39.8
joseph-charlton,2020,CarolinaPanthers,16,45,2082,67,46.3,0,18,184,21,40.8
joseph-charlton,TOTAL,--,16,45,2082,67,46.3,0,18,184,21,40.8
chandler-catanzaro,2014,ArizonaCardinals,16,0,0,0,0,0,0,0,0,0
chandler-catanzaro,2015,ArizonaCardinals,16,0,0,0,0,0,0,0,0,0
chandler-catanzaro,2016,ArizonaCardinals,16,2,66,47,33,0,0,0,0,33
chandler-catanzaro,2017,NewYorkJets,16,--,--,--,--,--,--,--,--,--
chandler-catanzaro,2018,CarolinaPanthers,13,--,--,--,--,--,--,--,--,--
chandler-catanzaro,2019,NewYorkJets,--,--,--,--,--,--,--,--,--,--
chandler-catanzaro,TOTAL,--,77,2,66,47,33,0,0,0,0,8.3
riley-dixon,2016,DenverBroncos,16,89,4068,68,45.7,0,40,271,28,41.3
riley-dixon,2017,DenverBroncos,16,73,3331,60,45.6,2,30,258,23,41.3
riley-dixon,2018,NewYorkGiants,16,71,3226,60,45.4,0,27,177,20,41.8
riley-dixon,2019,NewYorkGiants,16,69,3178,62,46.1,2,24,136,29,43.5
riley-dixon,2020,NewYorkGiants,16,65,2911,71,44.8,1,25,232,28,39.4
riley-dixon,TOTAL,--,80,367,16714,321,45.5,5,146,1074,128,41.5
michael-dickson,2018,SeattleSeahawks,16,78,3759,69,48.2,1,36,304,28,43
michael-dickson,2019,SeattleSeahawks,16,74,3341,63,45.2,0,34,213,34,40.9
michael-dickson,2020,SeattleSeahawks,16,61,3028,67,49.6,0,28,199,32,44.4
michael-dickson,TOTAL,--,48,213,10128,199,47.6,1,98,716,94,42.8
trevor-daniel,2018,HoustonTexans,16,74,3237,61,43.7,0,32,240,36,39.2
trevor-daniel,2019,HoustonTexans,2,11,479,54,43.6,0,7,29,2,40.9
trevor-daniel,2020,TennesseeTitans,2,4,157,52,39.3,1,1,7,0,37.5
trevor-daniel,TOTAL,--,20,89,3873,167,43.5,1,40,276,38,39.2
jake-elliott,2017,PhiladelphiaEagles,15,--,--,--,--,--,--,--,--,--
jake-elliott,2018,PhiladelphiaEagles,16,--,--,--,--,--,--,--,--,--
jake-elliott,2019,PhiladelphiaEagles,16,--,--,--,--,--,--,--,--,--
jake-elliott,2020,PhiladelphiaEagles,16,2,77,42,38.5,0,2,0,1,38.5
jake-elliott,TOTAL,--,63,2,77,42,38.5,0,2,0,1,38.5
lac-edwards,2016,NewYorkJets,16,75,3236,59,43.2,1,35,319,24,37.8
lac-edwards,2017,NewYorkJets,16,94,4378,70,46.6,0,49,491,33,40.5
lac-edwards,2018,NewYorkJets,16,82,3763,67,45.9,0,42,318,23,40.8
lac-edwards,2019,NewYorkJets,16,87,3991,63,45.9,0,44,309,28,41.6
lac-edwards,2020,LosAngelesChargers,--,--,--,--,--,--,--,--,--,--
lac-edwards,TOTAL,--,64,338,15368,259,45.5,1,170,1437,108,32.1
jack-fox,2019,DetroitLions,--,--,--,--,--,--,--,--,--,--
jack-fox,2020,DetroitLions,16,59,2897,67,49.1,0,21,116,26,44.8
jack-fox,TOTAL,--,16,59,2897,67,49.1,0,21,116,26,44.8
ka-imi-fairbairn,2017,HoustonTexans,16,--,--,--,--,--,--,--,--,--
ka-imi-fairbairn,2018,HoustonTexans,16,--,--,--,--,--,--,--,--,--
ka-imi-fairbairn,2019,HoustonTexans,16,1,26,26,26,0,0,0,1,26
ka-imi-fairbairn,2020,HoustonTexans,16,1,26,26,26,0,0,0,1,26
ka-imi-fairbairn,TOTAL,--,64,2,52,52,26,0,0,0,2,26
robbie-gould,2005,ChicagoBears,13,1,28,28,28,0,1,19,0,9
robbie-gould,2006,ChicagoBears,16,0,0,0,0,0,0,0,0,0
robbie-gould,2007,ChicagoBears,16,2,53,28,26.5,0,0,0,1,26.5
robbie-gould,2008,ChicagoBears,16,0,0,0,0,0,0,0,0,0
robbie-gould,2009,ChicagoBears,16,0,0,0,0,0,0,0,0,0
robbie-gould,2010,ChicagoBears,16,0,0,0,0,0,0,0,0,0
robbie-gould,2011,ChicagoBears,16,0,0,0,0,0,0,0,0,0
robbie-gould,2012,ChicagoBears,13,0,0,0,0,0,0,0,0,0
robbie-gould,2013,ChicagoBears,16,0,0,0,0,0,0,0,0,0
robbie-gould,2014,ChicagoBears,12,0,0,0,0,0,0,0,0,0
robbie-gould,2015,ChicagoBears,16,0,0,0,0,0,0,0,0,0
robbie-gould,2016,NewYorkGiants,10,0,0,0,0,0,0,0,0,0
robbie-gould,2017,SanFrancisco49ers,16,--,--,--,--,--,--,--,--,--
robbie-gould,2018,SanFrancisco49ers,16,--,--,--,--,--,--,--,--,--
robbie-gould,2019,SanFrancisco49ers,13,--,--,--,--,--,--,--,--,--
robbie-gould,2020,SanFrancisco49ers,15,--,--,--,--,--,--,--,--,--
robbie-gould,TOTAL,--,236,3,81,56,27,0,1,19,1,2.7
zane-gonzalez,2017,ClevelandBrowns,16,1,16,16,16,0,0,0,0,16
zane-gonzalez,2018,ArizonaCardinals,7,--,--,--,--,--,--,--,--,--
zane-gonzalez,2019,ArizonaCardinals,16,2,84,44,42,0,0,0,0,42
zane-gonzalez,2020,ArizonaCardinals,12,--,--,--,--,--,--,--,--,--
zane-gonzalez,TOTAL,--,51,3,100,60,33.3,0,0,0,0,19.3
jamie-gillan,2019,ClevelandBrowns,16,63,2913,71,46.2,1,20,151,28,42.3
jamie-gillan,2020,ClevelandBrowns,16,51,2244,59,44,0,25,229,14,38.3
jamie-gillan,TOTAL,--,32,114,5157,130,45.2,1,45,380,42,40.3
graham-gano,2009,WashingtonRedskins,4,0,0,0,0,0,0,0,0,0
graham-gano,2010,WashingtonRedskins,16,4,141,42,35.3,1,2,21,1,30
graham-gano,2011,WashingtonRedskins,16,0,0,0,0,0,0,0,0,0
graham-gano,2012,CarolinaPanthers,6,0,0,0,0,0,0,0,0,0
graham-gano,2013,CarolinaPanthers,16,0,0,0,0,0,0,0,0,0
graham-gano,2014,CarolinaPanthers,16,0,0,0,0,0,0,0,0,0
graham-gano,2015,CarolinaPanthers,16,0,0,0,0,0,0,0,0,0
graham-gano,2016,CarolinaPanthers,16,4,180,54,45,0,2,21,0,29.8
graham-gano,2017,CarolinaPanthers,16,--,--,--,--,--,--,--,--,--
graham-gano,2018,CarolinaPanthers,12,--,--,--,--,--,--,--,--,--
graham-gano,2019,CarolinaPanthers,--,--,--,--,--,--,--,--,--,--
graham-gano,2020,NewYorkGiants,16,--,--,--,--,--,--,--,--,--
graham-gano,TOTAL,--,150,8,321,96,40.1,1,4,42,1,6.6
kevin-huber,2009,CincinnatiBengals,16,86,3713,61,43.2,0,39,393,24,36.3
kevin-huber,2010,CincinnatiBengals,16,71,2992,72,42.1,1,26,124,28,38.7
kevin-huber,2011,CincinnatiBengals,16,91,4023,71,44.2,0,38,273,24,39.2
kevin-huber,2012,CincinnatiBengals,16,76,3540,69,46.6,0,27,210,33,42
kevin-huber,2013,CincinnatiBengals,14,66,2982,75,45.2,0,25,229,24,40.5
kevin-huber,2014,CincinnatiBengals,16,73,3419,69,46.8,0,30,226,27,42.1
kevin-huber,2015,CincinnatiBengals,16,68,3116,67,45.8,1,32,203,22,41.1
kevin-huber,2016,CincinnatiBengals,16,78,3613,72,46.3,0,38,369,23,39.5
kevin-huber,2017,CincinnatiBengals,16,88,4101,63,46.6,1,43,410,32,41.3
kevin-huber,2018,CincinnatiBengals,16,71,3119,69,43.9,1,30,220,29,40
kevin-huber,2019,CincinnatiBengals,16,75,3394,63,45.3,0,24,136,30,42.1
kevin-huber,2020,CincinnatiBengals,16,71,3350,72,47.2,0,29,170,19,42.8
kevin-huber,TOTAL,--,190,914,41362,823,45.3,4,381,2963,315,40.5
sterling-hofrichter,2020,AtlantaFalcons,16,56,2381,57,42.5,0,26,142,17,39.3
sterling-hofrichter,TOTAL,--,16,56,2381,57,42.5,0,26,142,17,39.3
johnny-hekker,2012,St.LouisRams,16,82,3756,68,45.8,0,41,402,22,39.9
johnny-hekker,2013,St.LouisRams,16,78,3609,64,46.3,0,30,79,19,44.2
johnny-hekker,2014,St.LouisRams,16,80,3721,61,46.5,1,28,192,33,42.9
johnny-hekker,2015,St.LouisRams,16,96,4601,68,47.9,0,40,289,41,43.7
johnny-hekker,2016,LosAngelesRams,16,98,4680,78,47.8,0,35,152,51,46
johnny-hekker,2017,LosAngelesRams,16,65,3113,70,47.9,0,25,152,30,44.3
johnny-hekker,2018,LosAngelesRams,16,43,1992,68,46.3,0,12,104,21,43
johnny-hekker,2019,LosAngelesRams,16,66,3128,71,47.4,1,23,190,22,43
johnny-hekker,2020,LosAngelesRams,16,68,3099,63,45.6,1,23,297,28,39.7
johnny-hekker,TOTAL,--,144,676,31699,611,46.9,3,257,1857,267,43
matt-haack,2017,MiamiDolphins,16,83,3695,64,44.5,0,35,220,30,40.7
matt-haack,2018,MiamiDolphins,16,87,3884,65,44.6,1,37,384,35,38.9
matt-haack,2019,MiamiDolphins,16,69,3105,62,45,0,29,229,23,41.1
matt-haack,2020,MiamiDolphins,16,68,3040,63,44.7,0,24,297,26,39.8
matt-haack,TOTAL,--,64,307,13724,254,44.7,1,125,1130,114,40.1
chris-a-jones,2011,DallasCowboys,2,10,426,54,42.6,0,3,1,4,40.5
chris-a-jones,2012,DallasCowboys,4,12,542,60,45.2,1,5,22,6,43.3
chris-a-jones,2013,DallasCowboys,16,77,3467,62,45,0,37,339,30,39.1
chris-a-jones,2014,DallasCowboys,16,57,2586,64,45.4,1,25,240,21,40.5
chris-a-jones,2015,DallasCowboys,16,69,3117,61,45.2,0,24,162,27,42.5
chris-a-jones,2016,DallasCowboys,16,58,2661,66,45.9,1,22,192,25,41.2
chris-a-jones,2017,DallasCowboys,16,66,2908,62,44.1,0,18,75,34,41.4
chris-a-jones,2018,DallasCowboys,16,60,2670,63,44.5,0,30,254,17,39.6
chris-a-jones,2019,DallasCowboys,16,50,2079,58,41.6,1,18,154,18,37.7
chris-a-jones,2020,DallasCowboys,8,24,1022,54,42.6,0,6,37,5,40.2
chris-a-jones,TOTAL,--,126,483,21478,604,44.5,4,188,1476,187,40.6
cameron-johnston,2018,PhiladelphiaEagles,16,61,2937,68,48.2,0,31,194,24,42.7
cameron-johnston,2019,PhiladelphiaEagles,16,71,3292,61,46.4,0,32,207,28,42.3
cameron-johnston,2020,PhiladelphiaEagles,16,71,3318,66,46.7,1,41,274,26,41.2
cameron-johnston,TOTAL,--,48,203,9547,195,47,1,104,675,78,42.1
sam-koch,2006,BaltimoreRavens,16,86,3695,61,43,0,44,404,30,37.6
sam-koch,2007,BaltimoreRavens,16,78,3397,64,43.6,1,38,375,20,36.4
sam-koch,2008,BaltimoreRavens,16,84,3777,74,45,0,38,245,34,39.9
sam-koch,2009,BaltimoreRavens,16,73,3188,60,43.7,1,38,287,26,38.4
sam-koch,2010,BaltimoreRavens,16,81,3530,60,43.6,0,34,275,39,39.2
sam-koch,2011,BaltimoreRavens,16,73,3393,63,46.5,0,33,392,21,38.6
sam-koch,2012,BaltimoreRavens,16,83,3911,60,47.1,0,49,383,28,40.8
sam-koch,2013,BaltimoreRavens,16,90,4138,69,46,1,46,419,27,39.3
sam-koch,2014,BaltimoreRavens,16,60,2841,73,47.4,0,23,166,26,43.3
sam-koch,2015,BaltimoreRavens,16,74,3454,67,46.7,0,35,176,29,43
sam-koch,2016,BaltimoreRavens,16,80,3665,68,45.8,0,33,375,37,39.9
sam-koch,2017,BaltimoreRavens,16,84,3765,67,44.8,1,34,277,40,40.8
sam-koch,2018,BaltimoreRavens,16,60,2842,65,47.4,1,31,315,27,40.5
sam-koch,2019,BaltimoreRavens,16,40,1855,62,46.4,1,15,143,21,40.8
sam-koch,2020,BaltimoreRavens,15,51,2268,59,44.5,0,17,82,22,42.5
sam-koch,TOTAL,--,239,1097,49719,972,45.3,6,508,4314,427,40.1
brett-kern,2008,DenverBroncos,16,46,2150,64,46.7,0,28,330,13,37.8
brett-kern,2009,TennesseeTitans,16,64,2910,67,45.5,0,27,249,27,38.5
brett-kern,2010,TennesseeTitans,16,77,3302,68,42.9,0,35,214,24,39.1
brett-kern,2011,TennesseeTitans,16,86,3747,64,43.6,0,36,221,31,39.4
brett-kern,2012,TennesseeTitans,16,81,3855,71,47.6,2,39,405,30,41.4
brett-kern,2013,TennesseeTitans,16,78,3386,63,43.4,1,35,210,32,40.2
brett-kern,2014,TennesseeTitans,16,88,4118,79,46.8,1,43,350,28,41.2
brett-kern,2015,TennesseeTitans,16,88,4175,61,47.4,0,47,605,34,40.3
brett-kern,2016,TennesseeTitans,16,77,3402,71,44.2,0,36,347,32,38.6
brett-kern,2017,TennesseeTitans,16,75,3728,74,49.7,0,40,286,28,44.6
brett-kern,2018,TennesseeTitans,16,74,3483,62,47.1,1,33,296,39,42.3
brett-kern,2019,TennesseeTitans,16,78,3672,70,47.1,0,30,269,37,43.1
brett-kern,2020,TennesseeTitans,13,37,1695,66,45.8,0,13,100,22,41.5
brett-kern,TOTAL,--,205,949,43623,880,46,5,442,3882,377,40.6
drew-kaser,2016,SanDiegoChargers,16,59,2731,69,46.3,0,33,282,18,39.8
drew-kaser,2017,LosAngelesChargers,16,74,3558,69,48.1,0,48,319,27,41.3
drew-kaser,2018,GreenBayPackers,4,13,629,66,48.4,1,7,114,5,38.1
drew-kaser,2020,SanFrancisco49ers,0,--,--,--,--,--,--,--,--,--
drew-kaser,TOTAL,--,36,146,6918,204,47.4,1,88,715,50,29.8
ty-long,2019,LosAngelesChargers,16,48,2256,60,47,0,33,252,17,40.9
ty-long,2020,LosAngelesChargers,16,57,2669,63,46.8,3,37,564,12,35.9
ty-long,TOTAL,--,32,105,4925,123,46.9,3,70,816,29,38.4
andy-lee,2004,SanFrancisco49ers,16,96,3990,81,41.6,0,51,445,25,35.3
andy-lee,2005,SanFrancisco49ers,16,107,4447,58,41.6,1,62,471,15,36.6
andy-lee,2006,SanFrancisco49ers,16,81,3625,66,44.8,0,35,462,22,36.8
andy-lee,2007,SanFrancisco49ers,16,105,4968,74,47.3,0,53,402,42,41
andy-lee,2008,SanFrancisco49ers,16,66,3155,82,47.8,1,39,364,13,39.6
andy-lee,2009,SanFrancisco49ers,16,99,4711,64,47.6,0,57,495,30,41
andy-lee,2010,SanFrancisco49ers,16,91,4203,64,46.2,0,54,483,34,38.2
andy-lee,2011,SanFrancisco49ers,16,78,3970,68,50.9,1,39,315,28,44.6
andy-lee,2012,SanFrancisco49ers,16,67,3226,66,48.2,0,36,249,36,43.2
andy-lee,2013,SanFrancisco49ers,16,79,3804,62,48.2,0,38,330,27,41.7
andy-lee,2014,SanFrancisco49ers,16,72,3369,71,46.8,1,36,336,28,40.2
andy-lee,2015,ClevelandBrowns,16,70,3270,67,46.7,0,37,381,25,40.1
andy-lee,2016,CarolinaPanthers,9,36,1769,76,49.1,0,17,236,18,40.4
andy-lee,2017,ArizonaCardinals,16,88,4159,63,47.3,0,48,506,29,39.7
andy-lee,2018,ArizonaCardinals,16,94,4568,64,48.6,0,44,420,32,42.6
andy-lee,2019,ArizonaCardinals,15,61,2913,64,47.8,1,31,278,21,41.9
andy-lee,2020,ArizonaCardinals,16,58,2600,61,44.8,0,22,201,21,39.6
andy-lee,TOTAL,--,264,1348,62747,1151,46.6,5,699,6374,446,40.1
thomas-morstead,2009,NewOrleansSaints,16,58,2528,60,43.6,0,25,358,18,36
thomas-morstead,2010,NewOrleansSaints,16,57,2618,64,45.9,0,26,310,21,38.4
thomas-morstead,2011,NewOrleansSaints,16,46,2224,64,48.4,1,19,118,13,44
thomas-morstead,2012,NewOrleansSaints,16,74,3707,70,50.1,0,31,391,20,43.2
thomas-morstead,2013,NewOrleansSaints,16,61,2859,61,46.9,0,24,180,25,42.3
thomas-morstead,2014,NewOrleansSaints,16,58,2690,63,46.4,0,24,99,19,43
thomas-morstead,2015,NewOrleansSaints,14,56,2551,58,45.6,0,24,194,20,40.7
thomas-morstead,2016,NewOrleansSaints,16,57,2751,66,48.3,0,29,237,22,42.4
thomas-morstead,2017,NewOrleansSaints,16,60,2822,68,47,0,24,249,26,42.2
thomas-morstead,2018,NewOrleansSaints,16,43,1996,60,46.4,0,12,60,15,43.2
thomas-morstead,2019,NewOrleansSaints,16,60,2770,64,46.2,0,24,166,29,43.1
thomas-morstead,2020,NewOrleansSaints,16,62,2674,58,43.1,0,20,46,23,41.7
thomas-morstead,TOTAL,--,190,692,32190,756,46.5,1,282,2408,251,41.7
brandon-mcmanus,2014,DenverBroncos,15,0,0,0,0,0,0,0,0,0
brandon-mcmanus,2015,DenverBroncos,16,1,41,41,41,0,0,0,0,21
brandon-mcmanus,2016,DenverBroncos,16,0,0,0,0,0,0,0,0,0
brandon-mcmanus,2017,DenverBroncos,16,1,26,26,26,0,0,0,1,26
brandon-mcmanus,2018,DenverBroncos,16,--,--,--,--,--,--,--,--,--
brandon-mcmanus,2019,DenverBroncos,16,--,--,--,--,--,--,--,--,--
brandon-mcmanus,2020,DenverBroncos,15,--,--,--,--,--,--,--,--,--
brandon-mcmanus,TOTAL,--,110,2,67,67,33.5,0,0,0,1,9.4
sam-martin,2013,DetroitLions,16,72,3399,72,47.2,1,32,250,22,41
sam-martin,2014,DetroitLions,16,68,3138,71,46.2,0,30,311,29,40.1
sam-martin,2015,DetroitLions,16,80,3679,66,46,0,43,263,25,42
sam-martin,2016,DetroitLions,16,62,3010,63,48.6,0,35,210,23,44.2
sam-martin,2017,DetroitLions,10,41,1779,64,43.4,0,14,116,13,37.6
sam-martin,2018,DetroitLions,16,74,3310,61,44.7,0,29,332,32,39.2
sam-martin,2019,DetroitLions,16,76,3445,62,45.3,0,29,130,31,41.8
sam-martin,2020,DenverBroncos,16,65,3040,69,46.8,1,28,226,19,42.1
sam-martin,TOTAL,--,122,538,24800,528,46.1,2,240,1838,194,41
braden-mann,2020,NewYorkJets,16,82,3598,60,43.9,0,38,446,19,37.2
braden-mann,TOTAL,--,16,82,3598,60,43.9,0,38,446,19,37.2
mike-nugent,2005,NewYorkJets,16,1,18,18,18,0,0,0,1,18
mike-nugent,2006,NewYorkJets,16,0,0,0,0,0,0,0,0,0
mike-nugent,2007,NewYorkJets,16,0,0,0,0,0,0,0,0,0
mike-nugent,2008,NewYorkJets,1,0,0,0,0,0,0,0,0,0
mike-nugent,2009,ArizonaCardinals,6,0,0,0,0,0,0,0,0,0
mike-nugent,2010,CincinnatiBengals,9,0,0,0,0,0,0,0,0,0
mike-nugent,2011,CincinnatiBengals,16,0,0,0,0,0,0,0,0,0
mike-nugent,2012,CincinnatiBengals,12,0,0,0,0,0,0,0,0,0
mike-nugent,2013,CincinnatiBengals,16,2,80,43,40,0,0,0,0,40
mike-nugent,2014,CincinnatiBengals,16,0,0,0,0,0,0,0,0,0
mike-nugent,2015,CincinnatiBengals,16,0,0,0,0,0,0,0,0,0
mike-nugent,2016,CincinnatiBengals,13,0,0,0,0,0,0,0,0,0
mike-nugent,2017,ChicagoBears,8,--,--,--,--,--,--,--,--,--
mike-nugent,2018,OaklandRaiders,3,--,--,--,--,--,--,--,--,--
mike-nugent,2019,NewEnglandPatriots,4,--,--,--,--,--,--,--,--,--
mike-nugent,2020,ArizonaCardinals,4,--,--,--,--,--,--,--,--,--
mike-nugent,TOTAL,--,172,3,98,61,32.7,0,0,0,1,4.5
hunter-niswander,2020,DallasCowboys,8,26,1228,58,47.2,0,9,95,10,42
hunter-niswander,TOTAL,--,8,26,1228,58,47.2,0,9,95,10,42
pat-o-donnell,2014,ChicagoBears,16,71,3107,61,43.8,1,33,335,20,38.2
pat-o-donnell,2015,ChicagoBears,15,70,3097,72,44.2,1,27,197,28,40.3
pat-o-donnell,2016,ChicagoBears,16,68,2994,67,44,0,22,282,24,38.4
pat-o-donnell,2017,ChicagoBears,16,87,4087,69,47,0,49,512,27,39.7
pat-o-donnell,2018,ChicagoBears,16,62,2791,65,45,1,20,150,28,40.3
pat-o-donnell,2019,ChicagoBears,16,80,3586,75,44.8,1,35,247,26,41.2
pat-o-donnell,2020,ChicagoBears,16,64,2924,64,45.7,0,25,294,28,39.5
pat-o-donnell,TOTAL,--,111,502,22586,473,45,4,211,2017,181,39.7
matt-prater,2007,DenverBroncos,4,0,0,0,0,0,0,0,0,0
matt-prater,2008,DenverBroncos,16,0,0,0,0,0,0,0,0,0
matt-prater,2009,DenverBroncos,16,0,0,0,0,0,0,0,0,0
matt-prater,2010,DenverBroncos,12,0,0,0,0,0,0,0,0,0
matt-prater,2011,DenverBroncos,16,0,0,0,0,0,0,0,0,0
matt-prater,2012,DenverBroncos,16,0,0,0,0,0,0,0,0,0
matt-prater,2013,DenverBroncos,16,0,0,0,0,0,0,0,0,0
matt-prater,2014,DetroitLions,11,0,0,0,0,0,0,0,0,0
matt-prater,2015,DetroitLions,16,0,0,0,0,0,0,0,0,0
matt-prater,2016,DetroitLions,16,0,0,0,0,0,0,0,0,0
matt-prater,2017,DetroitLions,16,4,139,47,34.8,0,0,0,1,34.8
matt-prater,2018,DetroitLions,16,--,--,--,--,--,--,--,--,--
matt-prater,2019,DetroitLions,16,--,--,--,--,--,--,--,--,--
matt-prater,2020,DetroitLions,16,--,--,--,--,--,--,--,--,--
matt-prater,TOTAL,--,203,4,139,47,34.8,0,0,0,1,2.9
bradley-pinion,2015,SanFrancisco49ers,16,91,3969,62,43.6,0,43,282,31,39.4
bradley-pinion,2016,SanFrancisco49ers,16,100,4402,65,44,0,40,345,28,39.8
bradley-pinion,2017,SanFrancisco49ers,16,75,3255,59,43.4,0,33,138,31,41.3
bradley-pinion,2018,SanFrancisco49ers,16,68,2973,64,43.7,1,25,195,22,39.7
bradley-pinion,2019,TampaBayBuccaneers,16,57,2464,63,43.2,0,25,222,19,38.3
bradley-pinion,2020,TampaBayBuccaneers,16,55,2486,62,45.2,0,23,236,19,40.2
bradley-pinion,TOTAL,--,96,446,19549,375,43.8,1,189,1418,150,39.8
michael-palardy,2016,CarolinaPanthers,7,36,1531,56,42.5,0,21,126,13,37.9
michael-palardy,2017,CarolinaPanthers,16,71,3269,63,46,0,30,176,25,42.4
michael-palardy,2018,CarolinaPanthers,16,61,2759,59,45.2,0,22,181,24,41
michael-palardy,2019,CarolinaPanthers,16,75,3452,62,46,0,40,487,25,38.7
michael-palardy,2020,CarolinaPanthers,--,--,--,--,--,--,--,--,--,--
michael-palardy,TOTAL,--,55,243,11011,240,45.3,0,113,970,87,32
aldrick-rosas,2017,NewYorkGiants,16,--,--,--,--,--,--,--,--,--
aldrick-rosas,2018,NewYorkGiants,16,--,--,--,--,--,--,--,--,--
aldrick-rosas,2019,NewYorkGiants,16,--,--,--,--,--,--,--,--,--
aldrick-rosas,2020,JacksonvilleJaguars,6,3,110,44,36.7,0,2,23,0,29
aldrick-rosas,TOTAL,--,54,3,110,44,36.7,0,2,23,0,29
ben-roethlisberger,2004,PittsburghSteelers,14,0,0,0,0,0,0,0,0,0
ben-roethlisberger,2005,PittsburghSteelers,12,2,72,39,36,0,0,0,1,26
ben-roethlisberger,2006,PittsburghSteelers,15,0,0,0,0,0,0,0,0,0
ben-roethlisberger,2007,PittsburghSteelers,15,0,0,0,0,0,0,0,0,0
ben-roethlisberger,2008,PittsburghSteelers,16,0,0,0,0,0,0,0,0,0
ben-roethlisberger,2009,PittsburghSteelers,15,0,0,0,0,0,0,0,0,0
ben-roethlisberger,2010,PittsburghSteelers,12,1,35,35,35,0,0,0,0,15
ben-roethlisberger,2011,PittsburghSteelers,15,0,0,0,0,0,0,0,0,0
ben-roethlisberger,2012,PittsburghSteelers,13,1,26,26,26,0,0,0,1,26
ben-roethlisberger,2013,PittsburghSteelers,16,1,28,28,28,0,0,0,1,28
ben-roethlisberger,2014,PittsburghSteelers,16,0,0,0,0,1,0,0,0,0
ben-roethlisberger,2015,PittsburghSteelers,12,0,0,0,0,0,0,0,0,0
ben-roethlisberger,2016,PittsburghSteelers,14,0,0,0,0,0,0,0,0,0
ben-roethlisberger,2017,PittsburghSteelers,15,--,--,--,--,--,--,--,--,--
ben-roethlisberger,2018,PittsburghSteelers,16,1,27,27,27,0,1,18,0,9
ben-roethlisberger,2019,PittsburghSteelers,2,--,--,--,--,--,--,--,--,--
ben-roethlisberger,2020,PittsburghSteelers,15,--,--,--,--,--,--,--,--,--
ben-roethlisberger,TOTAL,--,233,6,188,155,31.3,1,1,18,3,6.9
ryan-succop,2009,KansasCityChiefs,16,0,0,0,0,0,0,0,0,0
ryan-succop,2010,KansasCityChiefs,16,1,33,33,33,0,0,0,0,13
ryan-succop,2011,KansasCityChiefs,16,0,0,0,0,0,0,0,0,0
ryan-succop,2012,KansasCityChiefs,16,0,0,0,0,0,0,0,0,0
ryan-succop,2013,KansasCityChiefs,16,1,29,29,29,0,0,0,0,9
ryan-succop,2014,TennesseeTitans,16,0,0,0,0,0,0,0,0,0
ryan-succop,2015,TennesseeTitans,16,0,0,0,0,0,0,0,0,0
ryan-succop,2016,TennesseeTitans,16,0,0,0,0,0,0,0,0,0
ryan-succop,2017,TennesseeTitans,16,--,--,--,--,--,--,--,--,--
ryan-succop,2018,TennesseeTitans,16,--,--,--,--,--,--,--,--,--
ryan-succop,2019,TennesseeTitans,6,--,--,--,--,--,--,--,--,--
ryan-succop,2020,TampaBayBuccaneers,16,--,--,--,--,--,--,--,--,--
ryan-succop,TOTAL,--,182,2,62,62,31,0,0,0,0,2.4
austin-seibert,2019,ClevelandBrowns,16,1,37,37,37,0,0,0,1,37
austin-seibert,2020,CincinnatiBengals,5,--,--,--,--,--,--,--,--,--
austin-seibert,TOTAL,--,21,1,37,37,37,0,0,0,1,18.5
j-k-scott,2018,GreenBayPackers,16,71,3176,67,44.7,1,20,206,19,39.3
j-k-scott,2019,GreenBayPackers,16,77,3386,66,44,0,26,233,29,39.9
j-k-scott,2020,GreenBayPackers,16,46,2092,62,45.5,1,17,291,15,37.9
j-k-scott,TOTAL,--,48,194,8654,195,44.6,2,63,730,63,39
rigoberto-sanchez,2017,IndianapolisColts,16,84,3764,61,44.8,1,19,80,28,43.1
rigoberto-sanchez,2018,IndianapolisColts,16,57,2629,63,46.1,0,21,93,24,42.7
rigoberto-sanchez,2019,IndianapolisColts,16,59,2619,60,44.4,0,28,166,22,41.2
rigoberto-sanchez,2020,IndianapolisColts,14,42,1940,60,46.2,1,19,141,18,40.9
rigoberto-sanchez,TOTAL,--,62,242,10952,244,45.3,2,87,480,92,42
tommy-townsend,2020,KansasCityChiefs,16,52,2339,67,45,0,15,119,20,40.4
tommy-townsend,TOTAL,--,16,52,2339,67,45,0,15,119,20,40.4
johnny-townsend,2018,OaklandRaiders,16,70,3022,64,43.2,0,28,241,17,38.3
johnny-townsend,2020,BaltimoreRavens,1,2,100,55,50,0,2,26,0,37
johnny-townsend,TOTAL,--,17,72,3122,119,43.4,0,30,267,17,37.7
adam-vinatieri,1996,NewEnglandPatriots,16,1,27,27,27,0,0,0,1,27
adam-vinatieri,1997,NewEnglandPatriots,16,0,0,0,0,0,0,0,0,0
adam-vinatieri,1998,NewEnglandPatriots,16,0,0,0,0,0,0,0,0,0
adam-vinatieri,1999,NewEnglandPatriots,16,0,0,0,0,0,0,0,0,0
adam-vinatieri,2000,NewEnglandPatriots,16,0,0,0,0,0,0,0,0,0
adam-vinatieri,2001,NewEnglandPatriots,16,1,33,33,33,0,0,0,1,33
adam-vinatieri,2002,NewEnglandPatriots,16,0,0,0,0,0,0,0,0,0
adam-vinatieri,2003,NewEnglandPatriots,16,0,0,0,0,0,0,0,0,0
adam-vinatieri,2004,NewEnglandPatriots,16,0,0,0,0,0,0,0,0,0
adam-vinatieri,2005,NewEnglandPatriots,16,0,0,0,0,0,0,0,0,0
adam-vinatieri,2006,IndianapolisColts,13,0,0,0,0,0,0,0,0,0
adam-vinatieri,2007,IndianapolisColts,16,0,0,0,0,0,0,0,0,0
adam-vinatieri,2008,IndianapolisColts,16,0,0,0,0,0,0,0,0,0
adam-vinatieri,2009,IndianapolisColts,6,0,0,0,0,0,0,0,0,0
adam-vinatieri,2010,IndianapolisColts,16,0,0,0,0,0,0,0,0,0
adam-vinatieri,2011,IndianapolisColts,16,0,0,0,0,0,0,0,0,0
adam-vinatieri,2012,IndianapolisColts,16,0,0,0,0,0,0,0,0,0
adam-vinatieri,2013,IndianapolisColts,15,0,0,0,0,0,0,0,0,0
adam-vinatieri,2014,IndianapolisColts,16,0,0,0,0,0,0,0,0,0
adam-vinatieri,2015,IndianapolisColts,16,0,0,0,0,0,0,0,0,0
adam-vinatieri,2016,IndianapolisColts,16,0,0,0,0,0,0,0,0,0
adam-vinatieri,2017,IndianapolisColts,15,--,--,--,--,--,--,--,--,--
adam-vinatieri,2018,IndianapolisColts,16,--,--,--,--,--,--,--,--,--
adam-vinatieri,2019,IndianapolisColts,12,--,--,--,--,--,--,--,--,--
adam-vinatieri,TOTAL,--,365,2,60,60,30,0,0,0,2,2.7
mitch-wishnowsky,2019,SanFrancisco49ers,16,52,2333,65,44.9,0,23,131,23,41.6
mitch-wishnowsky,2020,SanFrancisco49ers,16,66,3093,60,46.9,1,23,183,25,42.3
mitch-wishnowsky,TOTAL,--,32,118,5426,125,46,1,46,314,48,42
ryan-winslow,2019,ArizonaCardinals,2,6,291,55,48.5,0,4,6,2,44.2
ryan-winslow,2020,GreenBayPackers,--,--,--,--,--,--,--,--,--,--
ryan-winslow,TOTAL,--,2,6,291,55,48.5,0,4,6,2,22.1
matt-wile,2016,ArizonaCardinals,4,12,553,59,46.1,1,7,37,2,43
matt-wile,2018,MinnesotaVikings,16,72,3255,70,45.2,1,31,188,27,42
matt-wile,2019,DetroitLions,2,6,290,60,48.3,0,4,22,3,44.7
matt-wile,2020,TampaBayBuccaneers,--,--,--,--,--,--,--,--,--,--
matt-wile,TOTAL,--,22,90,4098,189,45.5,2,42,247,32,32.4
tress-way,2014,WashingtonRedskins,16,77,3659,77,47.5,1,42,397,22,40.6
tress-way,2015,WashingtonRedskins,16,70,3224,64,46.1,1,30,258,21,40.4
tress-way,2016,WashingtonRedskins,16,49,2209,61,45.1,0,27,222,15,38.9
tress-way,2017,WashingtonRedskins,16,83,3794,64,45.7,0,39,435,33,39
tress-way,2018,WashingtonRedskins,16,79,3581,63,45.3,0,31,303,41,41.5
tress-way,2019,WashingtonRedskins,16,79,3919,79,49.6,0,39,354,30,44.1
tress-way,2020,WashingtonFootballTeam,16,73,3504,65,48,0,36,209,23,44.3
tress-way,TOTAL,--,112,510,23890,473,46.8,2,244,2178,185,41.3
colby-wadman,2018,DenverBroncos,12,65,2905,65,44.7,0,27,301,22,37.9
colby-wadman,2019,DenverBroncos,16,78,3464,64,44.4,0,32,314,29,39.4
colby-wadman,TOTAL,--,28,143,6369,129,44.5,0,59,615,51,38.7
