Player_Id,Year,Team,Games_Played,Kicks_1_to_19_Yards,Kicks_20_to_29_Yards,Kicks_30_to_39_Yards,Kicks_40_to_49_Yards,Kicks_Over_50,FGs,FG_Attempts,Percentage
roberto-aguayo,2016,TampaBayBuccaneers,16,0-0,5-5,13-15,4-10,0-1,22,31,70.97
roberto-aguayo,2020,NewEnglandPatriots,--,--,--,--,--,--,--,--,--
roberto-aguayo,TOTAL,--,16,0-0,5-5,13-15,4-10,0-1,22,31,70.97
harrison-butker,2017,KansasCityChiefs,13,0-0,8-8,16-17,10-12,4-5,38,42,90.48
harrison-butker,2018,KansasCityChiefs,16,0-0,9-9,7-7,6-7,2-4,24,27,88.89
harrison-butker,2019,KansasCityChiefs,16,0-0,9-9,9-10,13-13,3-6,34,38,89.47
harrison-butker,2020,KansasCityChiefs,16,2-2,7-7,9-9,3-5,4-4,25,27,92.59
harrison-butker,TOTAL,--,61,2-2,33-33,41-43,32-37,13-19,121,134,90.3
randy-bullock,2013,HoustonTexans,16,1-1,7-7,5-5,12-17,1-5,26,35,74.29
randy-bullock,2014,HoustonTexans,16,0-0,6-7,13-15,7-8,4-5,30,35,85.71
randy-bullock,2015,NewYorkJets,11,1-1,4-4,6-6,8-11,0-1,19,23,82.61
randy-bullock,2016,CincinnatiBengals,5,0-0,4-4,2-2,2-3,0-0,8,9,88.89
randy-bullock,2017,CincinnatiBengals,15,0-0,6-6,7-8,4-5,1-1,18,20,90
randy-bullock,2018,CincinnatiBengals,16,0-0,4-4,7-8,6-6,2-5,19,23,82.61
randy-bullock,2019,CincinnatiBengals,16,0-0,10-10,6-6,10-12,1-3,27,31,87.1
randy-bullock,2020,CincinnatiBengals,12,0-0,3-3,8-10,7-8,3-5,21,26,80.77
randy-bullock,TOTAL,--,107,2-2,44-45,54-60,56-70,12-25,168,202,83.17
jon-brown,2020,JacksonvilleJaguars,1,0-0,0-0,1-2,0-0,0-0,1,2,50
jon-brown,TOTAL,--,1,0-0,0-0,1-2,0-0,0-0,1,2,50
chris-boswell,2015,PittsburghSteelers,12,1-1,9-9,8-8,9-12,2-2,29,32,90.63
chris-boswell,2016,PittsburghSteelers,15,0-0,2-2,8-9,11-12,0-2,21,25,84
chris-boswell,2017,PittsburghSteelers,16,0-0,10-10,12-14,9-10,4-4,35,38,92.11
chris-boswell,2018,PittsburghSteelers,15,0-0,3-3,4-6,5-10,1-1,13,20,65
chris-boswell,2019,PittsburghSteelers,16,1-1,11-11,7-7,9-10,1-2,29,31,93.55
chris-boswell,2020,PittsburghSteelers,13,0-0,5-5,6-6,7-8,1-1,19,20,95
chris-boswell,TOTAL,--,87,2-2,40-40,45-50,50-62,9-12,146,166,87.95
rodrigo-blankenship,2020,IndianapolisColts,16,0-0,10-10,12-13,9-11,1-3,32,37,86.49
rodrigo-blankenship,TOTAL,--,16,0-0,10-10,12-13,9-11,1-3,32,37,86.49
tyler-bass,2020,BuffaloBills,16,1-1,9-9,6-9,8-9,4-6,28,34,82.35
tyler-bass,TOTAL,--,16,1-1,9-9,6-9,8-9,4-6,28,34,82.35
dan-bailey,2011,DallasCowboys,16,1-1,8-9,11-11,10-12,2-4,32,37,86.49
dan-bailey,2012,DallasCowboys,16,1-1,5-5,13-13,7-7,3-5,29,31,93.55
dan-bailey,2013,DallasCowboys,16,2-2,2-2,8-9,10-10,6-7,28,30,93.33
dan-bailey,2014,DallasCowboys,16,0-0,6-6,6-7,8-9,5-7,25,29,86.21
dan-bailey,2015,DallasCowboys,16,0-0,9-9,10-10,6-7,5-6,30,32,93.75
dan-bailey,2016,DallasCowboys,16,0-0,9-9,8-8,7-9,3-6,27,32,84.38
dan-bailey,2017,DallasCowboys,12,1-1,3-4,4-5,4-5,3-5,15,20,75
dan-bailey,2018,MinnesotaVikings,14,0-0,5-6,11-11,4-9,1-2,21,28,75
dan-bailey,2019,MinnesotaVikings,16,0-0,10-10,9-9,5-7,3-3,27,29,93.1
dan-bailey,2020,MinnesotaVikings,16,0-0,6-6,3-4,4-7,2-5,15,22,68.18
dan-bailey,TOTAL,--,154,5-5,63-66,83-87,65-82,33-50,249,290,85.86
mike-badgley,2018,LosAngelesChargers,10,0-0,4-4,5-5,5-5,1-2,15,16,93.75
mike-badgley,2019,LosAngelesChargers,8,0-0,5-5,2-2,6-8,0-1,13,16,81.25
mike-badgley,2020,LosAngelesChargers,16,0-0,8-8,6-6,8-13,2-6,24,33,72.73
mike-badgley,TOTAL,--,34,0-0,17-17,13-13,19-26,3-9,52,65,80
mason-crosby,2007,GreenBayPackers,16,1-1,8-8,10-11,9-14,3-5,31,39,79.49
mason-crosby,2008,GreenBayPackers,16,1-1,8-8,10-13,5-6,3-6,27,34,79.41
mason-crosby,2009,GreenBayPackers,16,1-1,13-13,7-9,4-7,2-6,27,36,75
mason-crosby,2010,GreenBayPackers,16,1-1,7-8,4-5,8-10,2-4,22,28,78.57
mason-crosby,2011,GreenBayPackers,16,1-1,4-5,14-14,3-5,2-3,24,28,85.71
mason-crosby,2012,GreenBayPackers,16,0-0,5-5,5-7,9-12,2-9,21,33,63.64
mason-crosby,2013,GreenBayPackers,16,1-1,13-13,8-8,6-8,5-7,33,37,89.19
mason-crosby,2014,GreenBayPackers,16,0-0,7-7,11-12,5-7,4-7,27,33,81.82
mason-crosby,2015,GreenBayPackers,16,1-1,7-7,4-4,8-11,4-5,24,28,85.71
mason-crosby,2016,GreenBayPackers,16,1-1,6-6,13-15,5-6,1-2,26,30,86.67
mason-crosby,2017,GreenBayPackers,16,0-0,8-8,2-4,4-4,1-3,15,19,78.95
mason-crosby,2018,GreenBayPackers,16,0-0,4-4,10-11,11-15,5-7,30,37,81.08
mason-crosby,2019,GreenBayPackers,16,1-1,2-2,11-11,7-8,1-2,22,24,91.67
mason-crosby,2020,GreenBayPackers,16,1-1,1-1,5-5,5-5,4-4,16,16,100
mason-crosby,TOTAL,--,224,10-10,93-95,114-129,89-118,39-70,345,422,81.75
chandler-catanzaro,2014,ArizonaCardinals,16,0-0,5-5,12-14,10-11,2-3,29,33,87.88
chandler-catanzaro,2015,ArizonaCardinals,16,1-1,12-12,9-9,6-7,0-2,28,31,90.32
chandler-catanzaro,2016,ArizonaCardinals,16,1-1,5-6,6-7,6-8,3-6,21,28,75
chandler-catanzaro,2017,NewYorkJets,16,1-1,6-6,4-4,12-17,2-2,25,30,83.33
chandler-catanzaro,2018,CarolinaPanthers,13,0-0,4-4,9-10,0-3,3-3,16,20,80
chandler-catanzaro,2019,NewYorkJets,--,--,--,--,--,--,--,--,--
chandler-catanzaro,TOTAL,--,77,3-3,32-33,40-44,34-46,10-16,119,142,83.8
sergio-castillo,2020,NewYorkJets,6,0-0,1-2,3-4,2-5,2-2,8,13,61.54
sergio-castillo,TOTAL,--,6,0-0,1-2,3-4,2-5,2-2,8,13,61.54
daniel-carlson,2018,OaklandRaiders,12,0-0,2-2,3-4,9-12,3-3,17,21,80.95
daniel-carlson,2019,OaklandRaiders,16,0-0,8-8,5-6,6-10,0-2,19,26,73.08
daniel-carlson,2020,LasVegasRaiders,16,0-0,18-18,8-8,3-5,4-4,33,35,94.29
daniel-carlson,TOTAL,--,44,0-0,28-28,16-18,18-27,7-9,69,82,84.15
jake-elliott,2017,PhiladelphiaEagles,15,0-0,5-5,4-7,12-13,5-6,26,31,83.87
jake-elliott,2018,PhiladelphiaEagles,16,0-0,7-7,10-11,7-8,2-5,26,31,83.87
jake-elliott,2019,PhiladelphiaEagles,16,0-0,7-7,8-8,5-7,2-4,22,26,84.62
jake-elliott,2020,PhiladelphiaEagles,16,0-0,1-3,6-6,5-5,2-5,14,19,73.68
jake-elliott,TOTAL,--,63,0-0,20-22,28-32,29-33,11-20,88,107,82.24
elliott-fry,2020,AtlantaFalcons,1,0-0,1-1,0-0,0-0,0-0,1,1,100
elliott-fry,TOTAL,--,1,0-0,1-1,0-0,0-0,0-0,1,1,100
kai-forbath,2012,WashingtonRedskins,11,0-0,3-3,2-3,11-11,1-1,17,18,94.44
kai-forbath,2013,WashingtonRedskins,13,0-0,3-4,10-10,4-6,1-2,18,22,81.82
kai-forbath,2014,WashingtonRedskins,16,0-0,11-11,6-7,7-8,0-1,24,27,88.89
kai-forbath,2015,NewOrleansSaints,11,0-0,2-3,3-4,3-5,2-3,10,15,66.67
kai-forbath,2016,MinnesotaVikings,7,0-0,5-5,5-5,4-4,1-1,15,15,100
kai-forbath,2017,MinnesotaVikings,16,0-0,8-8,12-14,6-7,6-9,32,38,84.21
kai-forbath,2018,JacksonvilleJaguars,3,0-0,2-2,1-1,1-1,0-1,4,5,80
kai-forbath,2019,DallasCowboys,4,0-0,2-2,1-1,7-7,1-1,11,11,100
kai-forbath,2020,LosAngelesRams,2,0-0,2-2,0-0,0-1,0-0,2,3,66.67
kai-forbath,TOTAL,--,83,0-0,38-40,40-45,43-50,12-19,133,154,86.36
nick-folk,2007,DallasCowboys,16,0-0,10-12,7-7,7-7,2-5,26,31,83.87
nick-folk,2008,DallasCowboys,16,0-0,1-1,7-8,10-11,2-2,20,22,90.91
nick-folk,2009,DallasCowboys,14,1-1,5-6,6-7,5-12,1-2,18,28,64.29
nick-folk,2010,NewYorkJets,16,1-1,10-11,14-16,3-6,2-5,30,39,76.92
nick-folk,2011,NewYorkJets,16,0-0,5-6,6-6,5-7,3-6,19,25,76
nick-folk,2012,NewYorkJets,16,0-0,7-8,6-8,5-7,3-4,21,27,77.78
nick-folk,2013,NewYorkJets,16,0-0,8-8,10-11,12-14,3-3,33,36,91.67
nick-folk,2014,NewYorkJets,16,0-0,13-13,7-7,9-13,3-6,32,39,82.05
nick-folk,2015,NewYorkJets,8,0-0,2-2,6-6,3-6,2-2,13,16,81.25
nick-folk,2016,NewYorkJets,16,0-0,12-13,10-11,3-3,2-4,27,31,87.1
nick-folk,2017,TampaBayBuccaneers,4,0-0,2-2,1-2,2-5,1-2,6,11,54.55
nick-folk,2019,NewEnglandPatriots,7,1-1,5-5,3-3,4-7,1-1,14,17,82.35
nick-folk,2020,NewEnglandPatriots,16,0-0,6-6,7-7,11-12,2-3,26,28,92.86
nick-folk,TOTAL,--,177,3-3,86-93,90-99,79-110,27-45,285,350,81.43
sam-ficken,2017,LosAngelesRams,2,0-0,2-2,0-1,0-0,0-0,2,3,66.67
sam-ficken,2018,LosAngelesRams,2,0-0,0-1,1-1,0-1,0-0,1,3,33.33
sam-ficken,2019,NewYorkJets,15,0-0,2-2,7-8,7-11,3-6,19,27,70.37
sam-ficken,2020,NewYorkJets,9,0-0,5-5,6-6,1-1,1-3,13,15,86.67
sam-ficken,TOTAL,--,28,0-0,9-10,14-16,8-13,4-9,35,48,72.92
ka-imi-fairbairn,2017,HoustonTexans,16,0-0,3-4,8-10,6-7,3-4,20,25,80
ka-imi-fairbairn,2018,HoustonTexans,16,1-1,9-9,11-11,12-15,4-6,37,42,88.1
ka-imi-fairbairn,2019,HoustonTexans,16,0-0,5-5,8-8,4-6,3-6,20,25,80
ka-imi-fairbairn,2020,HoustonTexans,16,0-0,8-8,9-9,6-8,4-6,27,31,87.1
ka-imi-fairbairn,TOTAL,--,64,1-1,25-26,36-38,28-36,14-22,104,123,84.55
robbie-gould,2005,ChicagoBears,13,0-0,9-9,9-10,3-8,0-0,21,27,77.78
robbie-gould,2006,ChicagoBears,16,0-0,6-6,14-16,12-14,0-0,32,36,88.89
robbie-gould,2007,ChicagoBears,16,0-0,7-7,12-13,12-14,0-2,31,36,86.11
robbie-gould,2008,ChicagoBears,16,0-0,6-6,12-12,8-11,0-0,26,29,89.66
robbie-gould,2009,ChicagoBears,16,0-0,9-9,6-6,7-10,2-3,24,28,85.71
robbie-gould,2010,ChicagoBears,16,1-1,9-9,8-9,4-7,3-4,25,30,83.33
robbie-gould,2011,ChicagoBears,16,0-0,10-10,6-6,6-10,6-6,28,32,87.5
robbie-gould,2012,ChicagoBears,13,0-0,7-7,5-7,7-9,2-2,21,25,84
robbie-gould,2013,ChicagoBears,16,0-0,11-11,6-7,6-7,3-4,26,29,89.66
robbie-gould,2014,ChicagoBears,12,0-0,4-4,2-3,3-4,0-1,9,12,75
robbie-gould,2015,ChicagoBears,16,1-1,8-8,10-12,7-9,7-9,33,39,84.62
robbie-gould,2016,NewYorkGiants,10,0-0,3-3,3-3,4-4,0-0,10,10,100
robbie-gould,2017,SanFrancisco49ers,16,0-0,7-8,11-11,17-18,4-4,39,41,95.12
robbie-gould,2018,SanFrancisco49ers,16,0-0,9-9,13-13,9-10,2-2,33,34,97.06
robbie-gould,2019,SanFrancisco49ers,13,0-0,9-9,8-10,6-8,0-4,23,31,74.19
robbie-gould,2020,SanFrancisco49ers,15,0-0,3-3,5-6,9-10,2-4,19,23,82.61
robbie-gould,TOTAL,--,236,2-2,117-118,130-144,120-153,31-45,400,462,86.58
stephen-gostkowski,2006,NewEnglandPatriots,16,0-0,10-11,7-10,2-4,1-1,20,26,76.92
stephen-gostkowski,2007,NewEnglandPatriots,16,0-0,10-10,8-9,3-5,0-0,21,24,87.5
stephen-gostkowski,2008,NewEnglandPatriots,16,0-0,10-12,16-16,9-11,1-1,36,40,90
stephen-gostkowski,2009,NewEnglandPatriots,16,0-0,7-7,12-13,5-8,2-3,26,31,83.87
stephen-gostkowski,2010,NewEnglandPatriots,8,0-0,2-2,6-7,2-3,0-1,10,13,76.92
stephen-gostkowski,2011,NewEnglandPatriots,16,1-1,12-13,5-6,9-11,1-2,28,33,84.85
stephen-gostkowski,2012,NewEnglandPatriots,16,0-0,8-8,10-12,9-13,2-2,29,35,82.86
stephen-gostkowski,2013,NewEnglandPatriots,16,1-1,8-8,13-13,11-13,5-6,38,41,92.68
stephen-gostkowski,2014,NewEnglandPatriots,16,1-1,11-11,10-11,12-13,1-1,35,37,94.59
stephen-gostkowski,2015,NewEnglandPatriots,16,0-0,6-6,11-11,12-14,4-5,33,36,91.67
stephen-gostkowski,2016,NewEnglandPatriots,16,0-0,9-9,7-9,9-10,2-4,27,32,84.38
stephen-gostkowski,2017,NewEnglandPatriots,16,0-0,16-16,9-9,8-11,4-4,37,40,92.5
stephen-gostkowski,2018,NewEnglandPatriots,16,0-0,11-11,10-10,4-6,2-5,27,32,84.38
stephen-gostkowski,2019,NewEnglandPatriots,4,0-0,3-3,3-3,1-2,0-0,7,8,87.5
stephen-gostkowski,2020,TennesseeTitans,15,0-0,2-3,4-5,5-10,7-8,18,26,69.23
stephen-gostkowski,TOTAL,--,219,3-3,125-130,131-144,101-134,32-43,392,454,86.34
zane-gonzalez,2017,ClevelandBrowns,16,0-0,5-5,4-6,4-6,2-3,15,20,75
zane-gonzalez,2018,ArizonaCardinals,7,0-0,1-1,4-4,2-4,2-5,9,14,64.29
zane-gonzalez,2019,ArizonaCardinals,16,0-0,12-12,12-13,5-8,2-2,31,35,88.57
zane-gonzalez,2020,ArizonaCardinals,12,0-0,4-4,2-2,8-13,2-3,16,22,72.73
zane-gonzalez,TOTAL,--,51,0-0,22-22,22-25,19-31,8-13,71,91,78.02
jamie-gillan,2019,ClevelandBrowns,16,--,--,--,--,--,--,--,--
jamie-gillan,2020,ClevelandBrowns,16,0-0,0-0,0-0,0-0,0-1,0,1,0
jamie-gillan,TOTAL,--,32,0,0,0,0,0,0,1,0
matt-gay,2019,TampaBayBuccaneers,16,0-0,6-6,5-7,11-14,5-8,27,35,77.14
matt-gay,2020,LosAngelesRams,7,0-0,2-2,5-6,6-7,1-1,14,16,87.5
matt-gay,TOTAL,--,23,0-0,8-8,10-13,17-21,6-9,41,51,80.39
graham-gano,2009,WashingtonRedskins,4,0-0,2-2,0-0,2-2,0-0,4,4,100
graham-gano,2010,WashingtonRedskins,16,1-1,8-10,4-7,11-14,0-3,24,35,68.57
graham-gano,2011,WashingtonRedskins,16,0-0,14-15,5-9,8-11,4-6,31,41,75.61
graham-gano,2012,CarolinaPanthers,6,0-0,3-3,3-3,2-3,1-2,9,11,81.82
graham-gano,2013,CarolinaPanthers,16,0-0,9-9,4-5,5-7,6-6,24,27,88.89
graham-gano,2014,CarolinaPanthers,16,0-0,7-7,12-13,9-12,1-3,29,35,82.86
graham-gano,2015,CarolinaPanthers,16,1-1,10-10,4-5,13-16,2-4,30,36,83.33
graham-gano,2016,CarolinaPanthers,16,0-0,4-4,9-11,14-17,3-6,30,38,78.95
graham-gano,2017,CarolinaPanthers,16,0-0,8-8,11-11,10-10,0-1,29,30,96.67
graham-gano,2018,CarolinaPanthers,12,0-0,3-3,4-5,4-4,3-4,14,16,87.5
graham-gano,2019,CarolinaPanthers,--,--,--,--,--,--,--,--,--
graham-gano,2020,NewYorkGiants,16,0-0,4-4,13-13,9-9,5-6,31,32,96.88
graham-gano,TOTAL,--,150,2-2,72-75,69-82,87-105,25-41,255,305,83.61
dustin-hopkins,2013,BuffaloBills,0,--,--,--,--,--,0,0,0
dustin-hopkins,2015,WashingtonRedskins,15,0-0,7-7,9-9,7-8,2-4,25,28,89.29
dustin-hopkins,2016,WashingtonRedskins,16,0-0,12-12,12-14,7-9,3-7,34,42,80.95
dustin-hopkins,2017,WashingtonRedskins,8,1-1,7-7,2-2,4-5,0-2,14,17,82.35
dustin-hopkins,2018,WashingtonRedskins,16,0-0,5-5,7-7,10-12,4-5,26,29,89.66
dustin-hopkins,2019,WashingtonRedskins,16,0-0,7-8,8-9,8-10,2-3,25,30,83.33
dustin-hopkins,2020,WashingtonFootballTeam,16,0-0,5-5,7-8,13-17,2-4,27,34,79.41
dustin-hopkins,TOTAL,--,87,0,0,0,0,0,151,180,83.89
johnny-hekker,2012,St.LouisRams,16,--,--,--,--,--,0,0,0
johnny-hekker,2013,St.LouisRams,16,--,--,--,--,--,0,0,0
johnny-hekker,2014,St.LouisRams,16,--,--,--,--,--,0,0,0
johnny-hekker,2015,St.LouisRams,16,--,--,--,--,--,0,0,0
johnny-hekker,2016,LosAngelesRams,16,--,--,--,--,--,0,0,0
johnny-hekker,2017,LosAngelesRams,16,--,--,--,--,--,--,--,--
johnny-hekker,2018,LosAngelesRams,16,0-0,1-1,0-0,0-0,0-0,1,1,100
johnny-hekker,2019,LosAngelesRams,16,--,--,--,--,--,--,--,--
johnny-hekker,2020,LosAngelesRams,16,--,--,--,--,--,--,--,--
johnny-hekker,TOTAL,--,144,0,0,0,0,0,1,1,100
stephen-hauschka,2008,BaltimoreRavens,8,0-0,0-0,0-0,0-0,1-2,1,2,50
stephen-hauschka,2009,AtlantaFalcons,9,0-0,1-1,5-7,3-5,0-0,9,13,69.23
stephen-hauschka,2010,DenverBroncos,4,0-0,1-1,3-3,2-3,0-0,6,7,85.71
stephen-hauschka,2011,SeattleSeahawks,16,2-2,5-6,9-10,7-8,2-4,25,30,83.33
stephen-hauschka,2012,SeattleSeahawks,16,1-1,7-7,10-10,5-5,1-4,24,27,88.89
stephen-hauschka,2013,SeattleSeahawks,16,0-0,10-11,9-9,11-12,3-3,33,35,94.29
stephen-hauschka,2014,SeattleSeahawks,16,0-0,10-10,10-10,9-13,2-4,31,37,83.78
stephen-hauschka,2015,SeattleSeahawks,16,0-0,9-9,7-7,7-9,6-6,29,31,93.55
stephen-hauschka,2016,SeattleSeahawks,16,0-0,11-13,13-13,8-10,1-1,33,37,89.19
stephen-hauschka,2017,BuffaloBills,16,0-0,6-6,9-9,7-9,7-9,29,33,87.88
stephen-hauschka,2018,BuffaloBills,16,0-0,3-3,8-8,7-10,4-7,22,28,78.57
stephen-hauschka,2019,BuffaloBills,16,0-0,5-5,7-8,9-10,1-5,22,28,78.57
stephen-hauschka,2020,JacksonvilleJaguars,1,0-0,0-1,0-0,0-1,0-0,0,2,0
stephen-hauschka,TOTAL,--,166,3-3,68-73,90-94,75-95,28-45,264,310,85.16
greg-joseph,2018,ClevelandBrowns,14,0-0,4-4,7-7,5-7,1-2,17,20,85
greg-joseph,2019,TennesseeTitans,2,--,--,--,--,--,0,0,0
greg-joseph,2020,TampaBayBuccaneers,0,--,--,--,--,--,--,--,--
greg-joseph,TOTAL,--,16,0-0,4-4,7-7,5-7,1-2,17,20,85
younghoe-koo,2017,LosAngelesChargers,4,0-0,2-2,0-0,1-4,0-0,3,6,50
younghoe-koo,2019,AtlantaFalcons,8,0-0,6-6,9-10,7-9,1-1,23,26,88.46
younghoe-koo,2020,AtlantaFalcons,15,0-0,10-10,11-12,8-9,8-8,37,39,94.87
younghoe-koo,TOTAL,--,27,0-0,18-18,20-22,16-22,9-9,63,71,88.73
wil-lutz,2016,NewOrleansSaints,16,1-1,7-7,9-11,8-8,3-7,28,34,82.35
wil-lutz,2017,NewOrleansSaints,16,0-0,10-10,4-5,13-16,4-5,31,36,86.11
wil-lutz,2018,NewOrleansSaints,16,1-1,5-5,9-9,11-12,2-3,28,30,93.33
wil-lutz,2019,NewOrleansSaints,16,1-1,9-9,6-6,13-15,3-5,32,36,88.89
wil-lutz,2020,NewOrleansSaints,16,0-0,5-6,10-10,7-9,1-3,23,28,82.14
wil-lutz,TOTAL,--,80,3-3,36-37,38-41,52-60,13-23,142,164,86.59
ty-long,2019,LosAngelesChargers,16,0-0,0-0,2-3,4-5,1-1,7,9,77.78
ty-long,2020,LosAngelesChargers,16,--,--,--,--,--,--,--,--
ty-long,TOTAL,--,32,0-0,0-0,2-3,4-5,1-1,7,9,77.78
josh-lambo,2015,SanDiegoChargers,16,0-0,4-4,7-7,11-16,4-5,26,32,81.25
josh-lambo,2016,SanDiegoChargers,16,0-0,7-7,13-14,6-8,0-3,26,32,81.25
josh-lambo,2017,JacksonvilleJaguars,10,0-0,2-2,11-11,4-5,2-2,19,20,95
josh-lambo,2018,JacksonvilleJaguars,13,0-0,4-4,8-8,3-4,4-5,19,21,90.48
josh-lambo,2019,JacksonvilleJaguars,16,0-0,12-12,9-9,8-9,4-4,33,34,97.06
josh-lambo,2020,JacksonvilleJaguars,4,0-0,0-0,2-2,1-1,2-2,5,5,100
josh-lambo,TOTAL,--,75,0-0,29-29,50-51,33-43,16-21,128,144,88.89
jason-myers,2015,JacksonvilleJaguars,16,0-0,9-10,8-8,6-8,3-4,26,30,86.67
jason-myers,2016,JacksonvilleJaguars,16,0-0,7-7,3-4,10-11,7-12,27,34,79.41
jason-myers,2017,JacksonvilleJaguars,6,0-0,4-4,2-3,5-5,0-3,11,15,73.33
jason-myers,2018,NewYorkJets,16,0-0,4-4,13-14,10-11,6-7,33,36,91.67
jason-myers,2019,SeattleSeahawks,16,0-0,6-6,11-11,4-7,2-4,23,28,82.14
jason-myers,2020,SeattleSeahawks,16,0-0,2-2,7-7,13-13,2-2,24,24,100
jason-myers,TOTAL,--,86,0-0,32-33,44-47,48-55,20-32,144,167,86.23
brandon-mcmanus,2014,DenverBroncos,15,0-0,5-5,2-3,2-3,0-2,9,13,69.23
brandon-mcmanus,2015,DenverBroncos,16,0-0,12-12,8-8,5-8,5-7,30,35,85.71
brandon-mcmanus,2016,DenverBroncos,16,0-0,9-9,10-10,7-9,3-6,29,34,85.29
brandon-mcmanus,2017,DenverBroncos,16,0-0,6-8,11-12,4-6,3-6,24,32,75
brandon-mcmanus,2018,DenverBroncos,16,0-0,5-5,6-6,7-7,2-7,20,25,80
brandon-mcmanus,2019,DenverBroncos,16,0-0,6-6,9-9,10-12,4-7,29,34,85.29
brandon-mcmanus,2020,DenverBroncos,15,0-0,6-6,4-5,8-8,10-15,28,34,82.35
brandon-mcmanus,TOTAL,--,110,0-0,49-51,50-53,43-53,27-50,169,207,81.64
chase-mclaughlin,2019,IndianapolisColts,11,1-1,5-5,4-4,5-10,3-3,18,23,78.26
chase-mclaughlin,2020,NewYorkJets,4,0-0,1-1,1-1,1-1,1-2,4,5,80
chase-mclaughlin,TOTAL,--,15,1-1,6-6,5-5,6-11,4-5,22,28,78.57
matt-mccrane,2018,PittsburghSteelers,5,0-0,3-3,2-2,3-5,0-2,8,12,66.67
matt-mccrane,2020,ClevelandBrowns,--,--,--,--,--,--,--,--,--
matt-mccrane,TOTAL,--,5,0-0,3-3,2-2,3-5,0-2,8,12,66.67
brett-maher,2018,DallasCowboys,16,0-0,10-10,6-8,7-11,6-7,29,36,80.56
brett-maher,2019,DallasCowboys,13,0-0,9-9,6-8,1-5,4-8,20,30,66.67
brett-maher,2020,ArizonaCardinals,--,--,--,--,--,--,--,--,--
brett-maher,TOTAL,--,29,0-0,19-19,12-16,8-16,10-15,49,66,74.24
mike-nugent,2005,NewYorkJets,16,0-0,8-9,7-7,7-10,0-2,22,28,78.57
mike-nugent,2006,NewYorkJets,16,1-1,7-7,10-12,4-4,2-3,24,27,88.89
mike-nugent,2007,NewYorkJets,16,1-1,11-11,10-12,6-8,1-4,29,36,80.56
mike-nugent,2008,NewYorkJets,1,0-0,0-0,0-1,0-0,0-0,0,1,0
mike-nugent,2009,ArizonaCardinals,6,1-1,1-1,1-2,1-4,0-0,4,8,50
mike-nugent,2010,CincinnatiBengals,9,0-0,5-5,7-7,1-3,2-4,15,19,78.95
mike-nugent,2011,CincinnatiBengals,16,0-0,14-14,5-8,14-16,0-0,33,38,86.84
mike-nugent,2012,CincinnatiBengals,12,2-2,5-5,5-5,6-9,1-2,19,23,82.61
mike-nugent,2013,CincinnatiBengals,16,0-0,2-2,6-7,7-9,3-4,18,22,81.82
mike-nugent,2014,CincinnatiBengals,16,0-0,6-6,10-12,10-12,0-3,26,33,78.79
mike-nugent,2015,CincinnatiBengals,16,0-0,6-6,5-6,10-13,2-3,23,28,82.14
mike-nugent,2016,CincinnatiBengals,13,0-0,9-9,9-10,5-7,0-3,23,29,79.31
mike-nugent,2017,ChicagoBears,8,0-0,3-3,3-4,4-5,1-1,11,13,84.62
mike-nugent,2018,OaklandRaiders,3,0-0,3-3,0-0,2-2,1-1,6,6,100
mike-nugent,2019,NewEnglandPatriots,4,0-0,3-4,2-3,0-1,0-0,5,8,62.5
mike-nugent,2020,ArizonaCardinals,4,0-0,1-1,4-5,2-2,0-0,7,8,87.5
mike-nugent,TOTAL,--,172,5-5,84-86,84-101,79-105,13-30,265,327,81.04
matt-prater,2007,DenverBroncos,4,0-0,0-1,0-0,1-3,0-0,1,4,25
matt-prater,2008,DenverBroncos,16,0-0,7-8,8-9,5-11,5-6,25,34,73.53
matt-prater,2009,DenverBroncos,16,0-0,14-14,6-8,8-10,2-3,30,35,85.71
matt-prater,2010,DenverBroncos,12,0-0,3-3,7-7,4-5,2-3,16,18,88.89
matt-prater,2011,DenverBroncos,16,0-0,5-6,8-8,3-7,3-4,19,25,76
matt-prater,2012,DenverBroncos,16,1-1,7-7,10-11,5-9,3-4,26,32,81.25
matt-prater,2013,DenverBroncos,16,2-2,4-4,5-5,8-8,6-7,25,26,96.15
matt-prater,2014,DetroitLions,11,0-0,8-8,4-5,6-8,3-5,21,26,80.77
matt-prater,2015,DetroitLions,16,0-0,3-3,8-9,6-6,5-6,22,24,91.67
matt-prater,2016,DetroitLions,16,0-0,10-10,4-5,10-14,7-7,31,36,86.11
matt-prater,2017,DetroitLions,16,2-2,4-4,10-10,7-8,7-11,30,35,85.71
matt-prater,2018,DetroitLions,16,0-0,8-8,12-12,5-7,3-5,28,32,87.5
matt-prater,2019,DetroitLions,16,0-0,11-11,2-3,6-9,7-8,26,31,83.87
matt-prater,2020,DetroitLions,16,0-0,4-4,7-7,4-7,6-10,21,28,75
matt-prater,TOTAL,--,203,5-5,88-91,91-99,78-112,59-79,321,386,83.16
eddy-pineiro,2018,OaklandRaiders,--,--,--,--,--,--,--,--,--
eddy-pineiro,2019,ChicagoBears,16,1-1,8-8,9-10,3-7,2-2,23,28,82.14
eddy-pineiro,2020,ChicagoBears,--,--,--,--,--,--,--,--,--
eddy-pineiro,TOTAL,--,16,0,0,0,0,0,23,28,82.14
cody-parkey,2014,PhiladelphiaEagles,16,0-0,10-10,14-16,4-6,4-4,32,36,88.89
cody-parkey,2015,PhiladelphiaEagles,3,0-0,1-1,1-1,1-2,0-0,3,4,75
cody-parkey,2016,ClevelandBrowns,14,0-0,6-6,6-6,7-12,1-1,20,25,80
cody-parkey,2017,MiamiDolphins,16,0-0,6-6,8-8,6-7,1-2,21,23,91.3
cody-parkey,2018,ChicagoBears,16,0-0,6-6,7-10,9-12,1-2,23,30,76.67
cody-parkey,2019,TennesseeTitans,3,0-0,0-0,0-0,2-2,1-1,3,3,100
cody-parkey,2020,ClevelandBrowns,15,0-0,5-5,4-6,10-11,0-0,19,22,86.36
cody-parkey,TOTAL,--,83,0-0,34-34,40-47,39-52,8-10,121,143,84.62
taylor-russolino,2020,DenverBroncos,1,0-0,0-0,0-0,0-0,0-1,0,1,0
taylor-russolino,TOTAL,--,1,0-0,0-0,0-0,0-0,0-1,0,1,0
aldrick-rosas,2017,NewYorkGiants,16,0-0,8-8,3-5,4-9,3-3,18,25,72
aldrick-rosas,2018,NewYorkGiants,16,0-0,9-9,13-13,6-6,4-5,32,33,96.97
aldrick-rosas,2019,NewYorkGiants,16,0-0,6-6,5-6,1-4,0-1,12,17,70.59
aldrick-rosas,2020,JacksonvilleJaguars,6,0-0,3-3,2-2,0-1,3-5,8,11,72.73
aldrick-rosas,TOTAL,--,54,0-0,26-26,23-26,11-20,10-14,70,86,81.4
ryan-succop,2009,KansasCityChiefs,16,0-0,10-10,7-7,6-7,2-5,25,29,86.21
ryan-succop,2010,KansasCityChiefs,16,0-0,6-6,7-9,6-8,1-3,20,26,76.92
ryan-succop,2011,KansasCityChiefs,16,1-1,7-7,6-7,7-12,3-3,24,30,80
ryan-succop,2012,KansasCityChiefs,16,0-0,4-5,12-15,10-12,2-2,28,34,82.35
ryan-succop,2013,KansasCityChiefs,16,0-0,6-6,9-10,6-8,1-4,22,28,78.57
ryan-succop,2014,TennesseeTitans,16,0-0,5-5,7-7,5-8,2-2,19,22,86.36
ryan-succop,2015,TennesseeTitans,16,0-0,3-3,3-3,7-7,1-3,14,16,87.5
ryan-succop,2016,TennesseeTitans,16,1-1,4-4,6-6,8-8,3-5,22,24,91.67
ryan-succop,2017,TennesseeTitans,16,0-0,10-10,7-7,16-20,2-5,35,42,83.33
ryan-succop,2018,TennesseeTitans,16,0-0,5-6,13-13,5-7,3-4,26,30,86.67
ryan-succop,2019,TennesseeTitans,6,0-0,0-0,1-1,0-4,0-1,1,6,16.67
ryan-succop,2020,TampaBayBuccaneers,16,1-1,10-10,9-9,7-9,1-2,28,31,90.32
ryan-succop,TOTAL,--,182,3-3,70-72,87-94,83-110,21-39,264,318,83.02
joey-slye,2019,CarolinaPanthers,16,0-0,4-5,5-5,8-11,8-11,25,32,78.13
joey-slye,2020,CarolinaPanthers,16,0-0,11-12,10-10,7-8,1-6,29,36,80.56
joey-slye,TOTAL,--,32,0-0,15-17,15-15,15-19,9-17,54,68,79.41
sam-sloman,2020,TennesseeTitans,8,0-0,2-3,6-6,2-3,0-1,10,13,76.92
sam-sloman,TOTAL,--,8,0-0,2-3,6-6,2-3,0-1,10,13,76.92
austin-seibert,2019,ClevelandBrowns,16,0-0,6-6,9-9,9-12,1-2,25,29,86.21
austin-seibert,2020,CincinnatiBengals,5,0-0,0-0,5-5,1-3,0-1,6,9,66.67
austin-seibert,TOTAL,--,21,0-0,6-6,14-14,10-15,1-3,31,38,81.58
cairo-santos,2014,KansasCityChiefs,16,1-1,10-10,6-7,7-10,1-2,25,30,83.33
cairo-santos,2015,KansasCityChiefs,16,0-0,7-8,10-10,9-11,4-8,30,37,81.08
cairo-santos,2016,KansasCityChiefs,16,0-0,8-9,15-17,6-7,2-2,31,35,88.57
cairo-santos,2017,ChicagoBears,5,0-0,0-0,4-4,0-0,0-1,4,5,80
cairo-santos,2018,TampaBayBuccaneers,9,1-1,4-4,6-6,3-6,0-1,14,18,77.78
cairo-santos,2019,TennesseeTitans,5,0-0,0-0,1-3,2-3,1-3,4,9,44.44
cairo-santos,2020,ChicagoBears,16,0-0,9-9,10-10,9-10,2-3,30,32,93.75
cairo-santos,TOTAL,--,83,2-2,38-40,52-57,36-47,10-20,138,166,83.13
jason-sanders,2018,MiamiDolphins,16,0-0,7-7,3-3,7-9,1-1,18,20,90
jason-sanders,2019,MiamiDolphins,16,0-0,7-7,8-9,5-9,3-5,23,30,76.67
jason-sanders,2020,MiamiDolphins,16,1-1,8-8,7-7,12-14,8-9,36,39,92.31
jason-sanders,TOTAL,--,48,1-1,22-22,18-19,24-32,12-15,77,89,86.52
justin-tucker,2012,BaltimoreRavens,16,0-0,8-8,8-8,10-13,4-4,30,33,90.91
justin-tucker,2013,BaltimoreRavens,16,0-0,10-10,12-13,10-11,6-7,38,41,92.68
justin-tucker,2014,BaltimoreRavens,16,0-0,10-10,11-11,4-4,4-9,29,34,85.29
justin-tucker,2015,BaltimoreRavens,16,0-0,10-10,9-9,10-11,4-10,33,40,82.5
justin-tucker,2016,BaltimoreRavens,16,0-0,4-4,10-11,14-14,10-10,38,39,97.44
justin-tucker,2017,BaltimoreRavens,16,0-0,7-7,11-11,11-12,5-7,34,37,91.89
justin-tucker,2018,BaltimoreRavens,16,0-0,12-12,9-9,9-11,5-7,35,39,89.74
justin-tucker,2019,BaltimoreRavens,16,0-0,8-8,9-9,10-11,1-1,28,29,96.55
justin-tucker,2020,BaltimoreRavens,16,0-0,8-8,6-7,9-9,3-5,26,29,89.66
justin-tucker,TOTAL,--,144,0-0,77-77,85-88,87-96,42-60,291,321,90.65
giorgio-tavecchio,2017,OaklandRaiders,16,0-0,5-5,5-7,3-5,3-4,16,21,76.19
giorgio-tavecchio,2018,AtlantaFalcons,3,0-0,1-1,0-0,2-2,2-2,5,5,100
giorgio-tavecchio,2020,TennesseeTitans,--,--,--,--,--,--,--,--,--
giorgio-tavecchio,TOTAL,--,19,0-0,6-6,5-7,5-7,5-6,21,26,80.77
tristan-vizcaino,2020,BuffaloBills,1,0-0,0-0,2-2,1-1,0-0,3,3,100
tristan-vizcaino,TOTAL,--,1,0-0,0-0,2-2,1-1,0-0,3,3,100
adam-vinatieri,1996,NewEnglandPatriots,16,1-1,9-10,8-8,8-14,1-2,27,35,77.14
adam-vinatieri,1997,NewEnglandPatriots,16,0-0,11-11,7-9,6-8,1-1,25,29,86.21
adam-vinatieri,1998,NewEnglandPatriots,16,3-3,8-8,9-14,9-12,2-2,31,39,79.49
adam-vinatieri,1999,NewEnglandPatriots,16,1-1,14-14,5-7,5-9,1-2,26,33,78.79
adam-vinatieri,2000,NewEnglandPatriots,16,0-0,11-13,8-9,7-8,1-3,27,33,81.82
adam-vinatieri,2001,NewEnglandPatriots,16,1-1,8-8,7-8,7-12,1-1,24,30,80
adam-vinatieri,2002,NewEnglandPatriots,16,0-0,6-6,12-12,8-10,1-2,27,30,90
adam-vinatieri,2003,NewEnglandPatriots,16,0-0,16-17,4-8,5-8,0-1,25,34,73.53
adam-vinatieri,2004,NewEnglandPatriots,16,0-0,13-13,7-7,11-12,0-1,31,33,93.94
adam-vinatieri,2005,NewEnglandPatriots,16,0-0,7-7,9-10,4-6,0-2,20,25,80
adam-vinatieri,2006,IndianapolisColts,13,1-1,3-3,12-13,9-10,0-1,25,28,89.29
adam-vinatieri,2007,IndianapolisColts,16,1-1,14-15,8-10,0-2,0-1,23,29,79.31
adam-vinatieri,2008,IndianapolisColts,16,0-0,3-3,11-13,4-7,2-2,20,25,80
adam-vinatieri,2009,IndianapolisColts,6,1-1,3-3,1-2,2-2,0-1,7,9,77.78
adam-vinatieri,2010,IndianapolisColts,16,0-0,8-8,9-10,9-10,0-0,26,28,92.86
adam-vinatieri,2011,IndianapolisColts,16,0-0,7-7,6-7,8-10,2-3,23,27,85.19
adam-vinatieri,2012,IndianapolisColts,16,1-1,8-8,4-7,9-10,4-7,26,33,78.79
adam-vinatieri,2013,IndianapolisColts,15,0-0,6-6,10-11,15-17,4-6,35,40,87.5
adam-vinatieri,2014,IndianapolisColts,16,0-0,10-10,10-10,7-8,3-3,30,31,96.77
adam-vinatieri,2015,IndianapolisColts,16,0-0,7-8,6-6,8-8,4-5,25,27,92.59
adam-vinatieri,2016,IndianapolisColts,16,0-0,3-3,7-7,10-12,7-9,27,31,87.1
adam-vinatieri,2017,IndianapolisColts,15,0-0,11-11,7-10,6-7,5-6,29,34,85.29
adam-vinatieri,2018,IndianapolisColts,16,0-0,8-8,6-7,5-6,4-6,23,27,85.19
adam-vinatieri,2019,IndianapolisColts,12,0-0,6-7,6-6,3-7,2-5,17,25,68
adam-vinatieri,TOTAL,--,365,10-10,200-207,179-211,165-215,45-72,599,715,83.78
kaare-vedvik,2018,BaltimoreRavens,--,--,--,--,--,--,--,--,--
kaare-vedvik,2019,CincinnatiBengals,1,0-0,0-0,0-0,0-1,0-0,0,1,0
kaare-vedvik,2020,WashingtonFootballTeam,--,--,--,--,--,--,--,--,--
kaare-vedvik,TOTAL,--,1,0,0,0,0,0,0,1,0
matthew-wright,2020,PittsburghSteelers,3,0-0,1-1,1-1,2-2,0-0,4,4,100
matthew-wright,TOTAL,--,3,0-0,1-1,1-1,2-2,0-0,4,4,100
blair-walsh,2012,MinnesotaVikings,16,0-0,10-10,8-9,7-9,10-10,35,38,92.11
blair-walsh,2013,MinnesotaVikings,16,0-0,7-7,12-12,5-6,2-5,26,30,86.67
blair-walsh,2014,MinnesotaVikings,16,2-2,4-5,8-10,7-9,5-9,26,35,74.29
blair-walsh,2015,MinnesotaVikings,16,0-0,9-9,13-15,6-7,6-8,34,39,87.18
blair-walsh,2016,MinnesotaVikings,9,1-1,1-1,5-6,4-6,1-2,12,16,75
blair-walsh,2017,SeattleSeahawks,16,0-0,6-6,7-10,8-12,0-1,21,29,72.41
blair-walsh,2020,NewOrleansSaints,--,--,--,--,--,--,--,--,--
blair-walsh,TOTAL,--,89,3-3,37-38,53-62,37-49,24-35,154,187,82.35
greg-zuerlein,2012,St.LouisRams,16,1-1,4-4,4-6,7-7,7-13,23,31,74.19
greg-zuerlein,2013,St.LouisRams,16,0-0,7-7,10-10,8-9,1-2,26,28,92.86
greg-zuerlein,2014,St.LouisRams,16,1-1,6-7,10-12,2-3,5-7,24,30,80
greg-zuerlein,2015,St.LouisRams,14,1-1,2-2,9-10,5-8,3-9,20,30,66.67
greg-zuerlein,2016,LosAngelesRams,16,0-0,5-5,9-9,3-4,2-4,19,22,86.36
greg-zuerlein,2017,LosAngelesRams,14,1-1,8-8,11-12,12-12,6-7,38,40,95
greg-zuerlein,2018,LosAngelesRams,11,0-0,9-9,10-10,4-6,4-6,27,31,87.1
greg-zuerlein,2019,LosAngelesRams,16,0-0,7-7,7-8,5-11,5-7,24,33,72.73
greg-zuerlein,2020,DallasCowboys,16,1-1,5-5,13-13,12-13,3-9,34,41,82.93
greg-zuerlein,TOTAL,--,135,5-5,53-54,83-90,58-73,36-64,235,286,82.17
